com.samsung.health.floors_climbed,6305105,7
start_time,custom,update_time,create_time,client_data_id,client_data_ver,floor,raw_data,time_offset,deviceuuid,pkg_name,end_time,datauuid
2020-03-10 18:26:53.460,,2020-03-10 18:33:24.931,2020-03-10 18:33:24.887,,,1.0,,UTC-0700,BfdGMJKwGJ,com.sec.android.app.shealth,2020-03-10 18:27:06.462,3c506a8e-7e9c-751b-65af-b11aa07617f9,
2020-03-10 23:46:40.133,,2020-03-10 23:49:18.691,2020-03-10 23:49:18.635,,,1.0,,UTC-0700,BfdGMJKwGJ,com.sec.android.app.shealth,2020-03-10 23:46:50.135,2cdca6da-3178-3879-021e-77fd7e4e12e0,
2020-03-13 01:40:15.793,,2020-03-13 01:48:18.231,2020-03-13 01:48:18.169,,,3.0,,UTC-0400,BfdGMJKwGJ,com.sec.android.app.shealth,2020-03-13 01:40:49.797,336b587d-cecb-9105-8886-1c93e2bd6a5e,
2020-03-13 01:48:26.534,,2020-03-13 01:50:10.748,2020-03-13 01:50:10.637,,,1.0,,UTC-0400,BfdGMJKwGJ,com.sec.android.app.shealth,2020-03-13 01:48:33.636,3696c3e8-8820-79d5-14a6-9d833281a3dc,
2020-03-14 09:58:24.058,,2020-03-14 10:06:25.289,2020-03-14 10:06:25.178,,,2.0,,UTC-0600,BfdGMJKwGJ,com.sec.android.app.shealth,2020-03-14 09:58:33.109,03bc4d2f-9c31-7652-61ff-a0515c16afe8,
2020-03-17 16:09:45.494,,2020-03-17 16:19:28.520,2020-03-17 16:19:28.496,,,1.0,,UTC-0600,BfdGMJKwGJ,com.sec.android.app.shealth,2020-03-17 16:09:56.495,1d43f8d5-1f8e-baa5-47e3-15b9913451c7,
2020-03-17 16:18:27.495,,2020-03-17 16:19:28.544,2020-03-17 16:19:28.533,,,1.0,,UTC-0600,BfdGMJKwGJ,com.sec.android.app.shealth,2020-03-17 16:18:40.496,a54121fa-65c2-4522-b5c6-a4f0958f2348,
2020-03-17 18:05:15.440,,2020-03-17 18:12:34.460,2020-03-17 18:12:34.447,,,1.0,,UTC-0600,BfdGMJKwGJ,com.sec.android.app.shealth,2020-03-17 18:05:27.446,24426b73-caa7-e7e7-ba46-9aacb6f89485,
2020-03-18 12:28:05.021,,2020-03-18 12:55:22.095,2020-03-18 12:55:22.024,,,1.0,,UTC-0700,BfdGMJKwGJ,com.sec.android.app.shealth,2020-03-18 12:28:23.024,f409ae8f-af7a-0004-616d-ec344b5dfe6e,
2020-03-20 12:46:22.650,,2020-03-20 12:55:38.684,2020-03-20 12:55:38.653,,,1.0,,UTC-0500,BfdGMJKwGJ,com.sec.android.app.shealth,2020-03-20 12:46:43.652,2d5ba1ec-e075-be54-6b60-a987df04f67b,
2020-03-20 13:00:55.436,,2020-03-20 13:02:02.866,2020-03-20 13:01:21.498,,,2.0,,UTC-0500,BfdGMJKwGJ,com.sec.android.app.shealth,2020-03-20 13:02:01.829,c2b943bb-4ccf-6751-725d-badfbcd3e6eb,
2020-03-24 17:04:34.369,,2020-03-24 17:05:37.397,2020-03-24 17:05:37.377,,,1.0,,UTC-0600,BfdGMJKwGJ,com.sec.android.app.shealth,2020-03-24 17:04:46.377,23cee093-5540-e9d4-6607-fd5e8e99909b,
2020-03-25 00:34:36.452,,2020-03-25 00:36:50.541,2020-03-25 00:36:50.476,,,3.0,,UTC-0700,BfdGMJKwGJ,com.sec.android.app.shealth,2020-03-25 00:35:24.471,acc6ddb6-4b5c-f385-22d7-8ff1eaf139df,
2020-03-25 17:42:33.071,,2020-03-25 17:44:41.551,2020-03-25 17:44:41.421,,,1.0,,UTC-0700,BfdGMJKwGJ,com.sec.android.app.shealth,2020-03-25 17:43:00.078,e5f26da6-3d96-77bd-e2ee-b92fed878ff4,
2020-03-25 20:12:52.160,,2020-03-25 20:16:07.622,2020-03-25 20:13:05.163,,,1.0,,UTC-0700,BfdGMJKwGJ,com.sec.android.app.shealth,2020-03-25 20:13:04.582,31830d1d-585e-c5a4-be6b-b534f3328935,
2019-10-21 17:35:52.351,,2019-10-21 17:40:23.893,2019-10-21 17:36:01.354,,,1.0,,UTC-0500,BfdGMJKwGJ,com.sec.android.app.shealth,2019-10-21 17:36:11.803,991c6f09-d706-5c26-cc30-424e271de634,
2019-10-13 01:45:58.124,,2019-10-13 01:47:30.254,2019-10-13 01:47:30.181,,,2.0,,UTC-0400,BfdGMJKwGJ,com.sec.android.app.shealth,2019-10-13 01:46:25.134,aab056fe-913b-c8a6-0bb3-16c1c19f7caf,
2019-10-12 23:49:02.636,,2019-10-12 23:51:02.797,2019-10-12 23:51:02.764,,,1.0,,UTC-0400,BfdGMJKwGJ,com.sec.android.app.shealth,2019-10-12 23:49:16.640,de03e71b-5374-3c31-8d5f-82340d1588dc,
2019-10-23 14:52:23.140,,2019-10-23 15:03:03.181,2019-10-23 15:03:03.159,,,1.0,,UTC-0400,BfdGMJKwGJ,com.sec.android.app.shealth,2019-10-23 14:52:41.142,f559db48-a9c2-bf02-38eb-db4174f06e7b,
2019-10-15 15:47:53.206,,2019-10-15 15:48:34.308,2019-10-15 15:48:34.284,,,1.0,,UTC-0400,BfdGMJKwGJ,com.sec.android.app.shealth,2019-10-15 15:48:01.236,14fc76c9-feea-baca-3065-b3de02375101,
2019-10-31 02:58:33.354,,2019-10-31 03:01:12.798,2019-10-31 03:01:12.780,,,2.0,,UTC-0700,BfdGMJKwGJ,com.sec.android.app.shealth,2019-10-31 02:58:43.780,06a9d48b-33c3-3283-3121-d655b0fc102a,
2019-10-12 04:30:28.596,,2019-10-12 04:47:14.193,2019-10-12 04:31:48.726,,,6.0,,UTC-0400,BfdGMJKwGJ,com.sec.android.app.shealth,2019-10-12 04:32:01.145,657025b3-75df-66d6-bba6-e7b7f967676d,
2019-10-23 02:42:06.662,,2019-10-23 02:43:01.833,2019-10-23 02:43:01.805,,,1.0,,UTC-0400,BfdGMJKwGJ,com.sec.android.app.shealth,2019-10-23 02:42:24.666,bd8958d1-03bd-589c-b3f4-bf8fa9bab9e1,
2019-10-12 20:41:54.230,,2019-10-12 20:45:23.296,2019-10-12 20:45:23.288,,,1.0,,UTC-0400,BfdGMJKwGJ,com.sec.android.app.shealth,2019-10-12 20:42:05.233,ef60e7e5-74f0-e593-fe4b-60d3d57dfde5,
2019-10-20 20:10:02.885,,2019-10-20 20:10:54.241,2019-10-20 20:10:54.042,,,1.0,,UTC-0500,BfdGMJKwGJ,com.sec.android.app.shealth,2019-10-20 20:10:08.887,46dff74f-1e74-8bba-4e1a-fdac46114df1,
2019-10-13 01:36:05.275,,2019-10-13 01:38:17.480,2019-10-13 01:38:17.279,,,2.0,,UTC-0400,BfdGMJKwGJ,com.sec.android.app.shealth,2019-10-13 01:36:22.278,a086e5c7-bf34-9e7c-e121-b4cb2c815edf,
2019-10-23 00:35:18.379,,2019-10-23 01:01:56.462,2019-10-23 01:01:56.390,,,1.0,,UTC-0400,BfdGMJKwGJ,com.sec.android.app.shealth,2019-10-23 00:35:36.389,de83eea4-a6e2-baee-1e02-ef501f2eb62f,
2019-10-21 15:35:35.788,,2019-10-21 15:37:19.824,2019-10-21 15:37:19.796,,,1.0,,UTC-0500,BfdGMJKwGJ,com.sec.android.app.shealth,2019-10-21 15:35:54.793,70a5d290-d160-7ef1-5b13-9f2cbae107ae,
2019-10-20 18:03:02.700,,2019-10-20 18:05:10.904,2019-10-20 18:05:10.824,,,1.0,,UTC-0500,BfdGMJKwGJ,com.sec.android.app.shealth,2019-10-20 18:03:17.724,e3f72c4f-0567-647a-b61b-5e1dc987d1d4,
2019-10-27 02:02:35.789,,2019-10-27 02:14:43.851,2019-10-27 02:14:43.814,,,1.0,,UTC-0500,BfdGMJKwGJ,com.sec.android.app.shealth,2019-10-27 02:03:01.791,dd4061b5-7fee-dae2-c82e-3b93affb4073,
2019-10-17 15:30:39.257,,2019-10-17 15:30:52.293,2019-10-17 15:30:49.258,,,1.0,,UTC-0500,BfdGMJKwGJ,com.sec.android.app.shealth,2019-10-17 15:30:48.271,3fd3542f-98f5-a4ad-08b2-ceb97c43d82c,
2019-10-23 14:16:49.757,,2019-10-23 14:17:54.782,2019-10-23 14:17:54.758,,,1.0,,UTC-0400,BfdGMJKwGJ,com.sec.android.app.shealth,2019-10-23 14:17:05.758,776360cb-b87c-cf78-f08e-f92799fe04c1,
2019-10-14 04:17:17.504,,2019-10-14 04:30:16.942,2019-10-14 04:30:16.930,,,1.0,,UTC-0400,BfdGMJKwGJ,com.sec.android.app.shealth,2019-10-14 04:17:30.542,1727ba90-27e0-0dbe-7635-27ffe9b60776,
2019-10-28 03:04:34.542,,2019-10-28 03:29:04.583,2019-10-28 03:29:04.568,,,1.0,,UTC-0700,BfdGMJKwGJ,com.sec.android.app.shealth,2019-10-28 03:04:44.544,db65ab61-dacc-a7d4-8634-f6f9221c2ff3,
2019-10-14 08:30:48.176,,2019-10-14 08:32:11.457,2019-10-14 08:32:11.436,,,1.0,,UTC-0400,BfdGMJKwGJ,com.sec.android.app.shealth,2019-10-14 08:31:03.421,a562600f-8296-c2e6-a78d-c443a97ccddd,
2019-10-20 18:30:00.551,,2019-10-20 18:30:56.589,2019-10-20 18:30:56.561,,,3.0,,UTC-0500,BfdGMJKwGJ,com.sec.android.app.shealth,2019-10-20 18:30:35.555,8e9d1aa3-69a4-64d0-d244-3af5e78f0129,
2019-10-12 08:35:17.781,,2019-10-12 08:39:48.852,2019-10-12 08:39:48.815,,,2.0,,UTC-0400,BfdGMJKwGJ,com.sec.android.app.shealth,2019-10-12 08:35:30.788,252f0298-374b-8d9b-1da9-acfdee6507f2,
2019-10-15 10:35:04.765,,2019-10-15 10:39:15.795,2019-10-15 10:39:15.770,,,1.0,,UTC-0400,BfdGMJKwGJ,com.sec.android.app.shealth,2019-10-15 10:35:17.769,898a91b8-ee4c-868a-06a3-6c8ad8daba1d,
2019-10-21 17:24:24.747,,2019-10-21 17:24:45.798,2019-10-21 17:24:45.754,,,1.0,,UTC-0500,BfdGMJKwGJ,com.sec.android.app.shealth,2019-10-21 17:24:36.749,210c7889-6e5c-d213-44bf-764433a6d8b6,
2019-10-15 15:50:52.798,,2019-10-15 15:51:15.937,2019-10-15 15:51:15.885,,,1.0,,UTC-0400,BfdGMJKwGJ,com.sec.android.app.shealth,2019-10-15 15:51:01.860,23c0f2c4-538e-88eb-5bae-92ef859c43fd,
2019-10-20 19:12:51.348,,2019-10-20 19:13:20.554,2019-10-20 19:13:20.382,,,3.0,,UTC-0500,BfdGMJKwGJ,com.sec.android.app.shealth,2019-10-20 19:13:15.353,f9ec73e8-1eb8-d6ff-7c42-fd9bf2fd2934,
2019-10-21 17:27:16.629,,2019-10-21 17:27:45.005,2019-10-21 17:27:44.963,,,1.0,,UTC-0500,BfdGMJKwGJ,com.sec.android.app.shealth,2019-10-21 17:27:31.773,38f5ec07-daac-b885-c8de-e6b35450bd6d,
2019-10-27 20:35:39.003,,2019-10-27 21:03:37.131,2019-10-27 21:03:37.092,,,1.0,,UTC-0700,BfdGMJKwGJ,com.sec.android.app.shealth,2019-10-27 20:35:50.005,766c0b94-b223-1df1-7906-464a4369c940,
2019-10-12 02:53:17.701,,2019-10-12 02:56:23.857,2019-10-12 02:56:23.737,,,1.0,,UTC-0400,BfdGMJKwGJ,com.sec.android.app.shealth,2019-10-12 02:53:26.703,112fe7ce-6df3-160b-ab44-bbfb4dcde943,
2019-10-12 03:00:30.333,,2019-10-12 03:00:44.403,2019-10-12 03:00:44.336,,,1.0,,UTC-0400,BfdGMJKwGJ,com.sec.android.app.shealth,2019-10-12 03:00:39.335,f1e3a0a1-6266-7f36-5a4b-e31af96af57b,
2019-10-12 06:09:21.725,,2019-10-12 06:09:46.825,2019-10-12 06:09:46.805,,,1.0,,UTC-0400,BfdGMJKwGJ,com.sec.android.app.shealth,2019-10-12 06:09:32.772,b67a277f-bfb0-cc98-0adc-db76e7a8d63b,
2020-02-26 13:17:12.553,,2020-02-26 13:18:21.914,2020-02-26 13:18:21.848,,,1.0,,UTC-0500,BfdGMJKwGJ,com.sec.android.app.shealth,2020-02-26 13:17:21.847,d1330bb9-dfc9-f6c3-62f3-27beae33137b,
2020-02-26 14:43:11.344,,2020-02-26 14:46:19.372,2020-02-26 14:46:19.351,,,1.0,,UTC-0500,BfdGMJKwGJ,com.sec.android.app.shealth,2020-02-26 14:43:30.351,a5de1524-14cc-4b9b-2a69-d10947306175,
2020-02-27 22:20:30.296,,2020-02-27 22:26:41.399,2020-02-27 22:26:41.377,,,1.0,,UTC-0600,BfdGMJKwGJ,com.sec.android.app.shealth,2020-02-27 22:20:39.377,5ee364fb-a5c2-94ae-4fe0-7f62f3334b4f,
2020-02-28 01:48:43.869,,2020-02-28 01:50:53.309,2020-02-28 01:50:53.181,,,2.0,,UTC-0600,BfdGMJKwGJ,com.sec.android.app.shealth,2020-02-28 01:49:06.873,e1f864f4-fbfb-ae38-6e6d-c844b1115234,
2020-02-28 01:50:57.440,,2020-02-28 01:51:24.505,2020-02-28 01:51:24.494,,,1.0,,UTC-0600,BfdGMJKwGJ,com.sec.android.app.shealth,2020-02-28 01:51:09.455,044675e0-8ce6-f1ca-713b-097be42bdd1a,
2020-02-28 03:09:43.694,,2020-02-28 03:15:42.082,2020-02-28 03:15:41.987,,,1.0,,UTC-0600,BfdGMJKwGJ,com.sec.android.app.shealth,2020-02-28 03:10:01.975,e7e766de-40c5-dfa5-a217-7a679f47853a,
2020-02-29 21:18:17.861,,2020-02-29 21:18:17.904,2020-02-29 21:18:17.864,,,1.0,,UTC-0800,BfdGMJKwGJ,com.sec.android.app.shealth,2020-02-29 21:18:17.864,6385237a-5279-3296-08db-6d03905346a5,
2020-03-06 19:31:04.049,,2020-03-06 19:43:12.530,2020-03-06 19:43:12.496,,,1.0,,UTC-0600,BfdGMJKwGJ,com.sec.android.app.shealth,2020-03-06 19:31:14.059,27e323fd-8a41-08fc-f20b-28ced2d38f4c,
2020-03-26 22:49:08.205,,2020-03-26 22:49:28.315,2020-03-26 22:49:28.216,,,1.0,,UTC-0700,BfdGMJKwGJ,com.sec.android.app.shealth,2020-03-26 22:49:25.207,54ed022f-64ff-bf8a-4b5f-5563aafa3603,
2020-03-26 22:51:10.501,,2020-03-26 22:52:17.517,2020-03-26 22:52:17.505,,,1.0,,UTC-0700,BfdGMJKwGJ,com.sec.android.app.shealth,2020-03-26 22:51:23.503,3c4f177a-a2b9-ff80-eac5-b7314a7990db,
2020-03-26 23:06:31.470,,2020-03-26 23:08:29.507,2020-03-26 23:08:29.481,,,1.0,,UTC-0700,BfdGMJKwGJ,com.sec.android.app.shealth,2020-03-26 23:06:40.472,de0c5399-3c19-428e-9179-1f428eb00c32,
2020-03-26 23:09:07.402,,2020-03-26 23:13:36.468,2020-03-26 23:13:36.444,,,1.0,,UTC-0700,BfdGMJKwGJ,com.sec.android.app.shealth,2020-03-26 23:09:18.404,2f0df391-150b-6837-1a3e-fc14b38a37ca,
2020-04-01 09:38:34.572,,2020-04-01 09:39:31.636,2020-04-01 09:39:31.599,,,1.0,,UTC-0700,BfdGMJKwGJ,com.sec.android.app.shealth,2020-04-01 09:39:10.575,08197672-49c9-c09d-83d9-c530d6ca3a9e,
2020-04-01 10:03:52.229,,2020-04-01 10:12:47.543,2020-04-01 10:12:47.508,,,1.0,,UTC-0700,BfdGMJKwGJ,com.sec.android.app.shealth,2020-04-01 10:04:26.231,3c8427ee-f857-ff52-2228-9779f94a2166,
2020-04-03 20:17:21.494,,2020-04-03 20:18:16.541,2020-04-03 20:18:16.514,,,1.0,,UTC-0700,BfdGMJKwGJ,com.sec.android.app.shealth,2020-04-03 20:17:37.496,d1533eeb-b120-ea68-1e35-b7da8e76cfdd,
2020-04-19 13:45:21.417,,2020-04-19 13:47:09.456,2020-04-19 13:47:09.421,,,1.0,,UTC-0700,BfdGMJKwGJ,com.sec.android.app.shealth,2020-04-19 13:45:28.419,078f4dfb-5e89-ef30-5f06-118aec3a232b,
2020-04-19 15:39:44.613,,2020-04-19 15:49:41.673,2020-04-19 15:49:41.632,,,1.0,,UTC-0700,BfdGMJKwGJ,com.sec.android.app.shealth,2020-04-19 15:40:04.615,b8fc0f9f-5db7-b6be-1b56-2ce76d6dad22,
2020-04-19 15:53:39.366,,2020-04-19 15:56:17.430,2020-04-19 15:56:17.413,,,1.0,,UTC-0700,BfdGMJKwGJ,com.sec.android.app.shealth,2020-04-19 15:53:50.368,be21199d-0314-1507-d173-04947fbdee60,
2020-04-19 17:04:07.370,,2020-04-19 17:07:21.389,2020-04-19 17:07:21.376,,,1.0,,UTC-0600,BfdGMJKwGJ,com.sec.android.app.shealth,2020-04-19 17:04:19.371,437c5989-4e69-15a5-0505-9192b9624e5e,
2020-04-20 17:32:45.491,,2020-04-20 17:35:18.609,2020-04-20 17:35:18.583,,,1.0,,UTC-0500,BfdGMJKwGJ,com.sec.android.app.shealth,2020-04-20 17:33:07.503,572a2e0f-09cf-7e51-6115-de840ca48a50,
2020-04-22 19:22:57.861,,2020-04-22 19:23:10.896,2020-04-22 19:23:10.896,,,1.0,,UTC-0500,BfdGMJKwGJ,com.sec.android.app.shealth,2020-04-22 19:23:06.861,e503f7fe-99d1-dd19-75c8-a248a31edbb7,
2020-04-23 11:55:23.428,,2020-04-23 11:56:20.469,2020-04-23 11:56:20.430,,,1.0,,UTC-0500,BfdGMJKwGJ,com.sec.android.app.shealth,2020-04-23 11:55:51.430,b8bf0753-525c-e73f-dac6-141570fb2c45,
2020-04-23 12:11:30.651,,2020-04-23 12:13:07.007,2020-04-23 12:13:06.870,,,1.0,,UTC-0500,BfdGMJKwGJ,com.sec.android.app.shealth,2020-04-23 12:11:55.653,e8efe6f9-8624-1cf7-d7d6-94bcb24ab2ee,
2020-04-23 12:27:40.696,,2020-04-23 12:28:07.030,2020-04-23 12:28:07.011,,,1.0,,UTC-0500,BfdGMJKwGJ,com.sec.android.app.shealth,2020-04-23 12:27:51.697,eeafcab7-b588-7425-68bb-d32c32686d25,
2020-04-23 12:36:14.702,,2020-04-23 12:38:33.422,2020-04-23 12:38:33.370,,,1.0,,UTC-0500,BfdGMJKwGJ,com.sec.android.app.shealth,2020-04-23 12:36:27.061,13d6fbcb-673c-f7b3-7d2d-c060578eb89c,
2020-04-23 12:45:29.205,,2020-04-23 12:45:47.439,2020-04-23 12:45:41.226,,,1.0,,UTC-0500,BfdGMJKwGJ,com.sec.android.app.shealth,2020-04-23 12:45:42.247,5c450cac-9da0-1936-c6c9-756c70e574ab,
2020-04-23 12:46:44.701,,2020-04-23 12:47:01.704,2020-04-23 12:47:01.704,,,1.0,,UTC-0500,BfdGMJKwGJ,com.sec.android.app.shealth,2020-04-23 12:46:53.701,ac30ee71-d374-f73a-8406-f1f58963be30,
2020-04-23 14:14:20.367,,2020-04-23 14:14:54.405,2020-04-23 14:14:54.374,,,1.0,,UTC-0500,BfdGMJKwGJ,com.sec.android.app.shealth,2020-04-23 14:14:33.373,f61f1301-c8e9-53ff-9ae1-99191a12e83f,
2020-04-23 16:20:14.548,,2020-04-23 16:33:22.708,2020-04-23 16:33:22.557,,,1.0,,UTC-0500,BfdGMJKwGJ,com.sec.android.app.shealth,2020-04-23 16:20:21.551,9d643923-4c3f-ef0b-616b-d8768a964ba3,
2020-04-23 16:55:57.492,,2020-04-23 17:15:26.587,2020-04-23 16:56:54.497,,,2.0,,UTC-0500,BfdGMJKwGJ,com.sec.android.app.shealth,2020-04-23 16:57:03.519,ba6bd40e-d66d-4817-c2a8-4208e4280e29,
2020-04-23 18:12:26.061,,2020-04-23 18:12:44.163,2020-04-23 18:12:35.085,,,2.0,,UTC-0500,BfdGMJKwGJ,com.sec.android.app.shealth,2020-04-23 18:12:42.093,67b29887-a475-37ab-22ba-3c2430937a98,
2020-04-23 18:15:07.317,,2020-04-23 18:15:28.342,2020-04-23 18:15:28.323,,,1.0,,UTC-0500,BfdGMJKwGJ,com.sec.android.app.shealth,2020-04-23 18:15:17.323,0ea4a0dc-5a1a-1bf9-cfe9-fdb58c07ba16,
2020-04-23 19:14:27.365,,2020-04-23 19:14:46.412,2020-04-23 19:14:46.382,,,1.0,,UTC-0500,BfdGMJKwGJ,com.sec.android.app.shealth,2020-04-23 19:14:43.368,8ce4908c-bad0-ec65-2ebc-a8d25a346dee,
2020-04-23 22:41:49.930,,2020-04-23 22:42:00.123,2020-04-23 22:41:58.965,,,1.0,,UTC-0500,BfdGMJKwGJ,com.sec.android.app.shealth,2020-04-23 22:41:59.092,4532563f-73b4-952e-bbc8-ae336b72f9c1,
2020-04-25 17:37:48.523,,2020-04-25 17:38:10.554,2020-04-25 17:38:10.526,,,1.0,,UTC-0700,BfdGMJKwGJ,com.sec.android.app.shealth,2020-04-25 17:37:58.525,86d484d2-5d08-1b94-132c-f05d29608d34,
2020-04-25 18:12:40.898,,2020-04-25 18:19:51.683,2020-04-25 18:19:51.403,,,1.0,,UTC-0700,BfdGMJKwGJ,com.sec.android.app.shealth,2020-04-25 18:12:49.196,f0442ddd-7b6f-85c5-81c6-caac1f735ddb,
2020-04-25 18:20:26.346,,2020-04-25 18:21:48.376,2020-04-25 18:21:48.363,,,1.0,,UTC-0700,BfdGMJKwGJ,com.sec.android.app.shealth,2020-04-25 18:20:36.348,2dec7ffa-d3cc-8499-6206-f0cfaa1e4d74,
2020-04-25 19:06:17.500,,2020-04-25 19:10:59.550,2020-04-25 19:10:59.515,,,2.0,,UTC-0700,BfdGMJKwGJ,com.sec.android.app.shealth,2020-04-25 19:06:31.508,6d96d17c-9a64-5c79-7fd7-e67085b9ec10,
2020-04-25 19:22:28.549,,2020-04-25 19:22:55.689,2020-04-25 19:22:55.561,,,1.0,,UTC-0700,BfdGMJKwGJ,com.sec.android.app.shealth,2020-04-25 19:22:36.556,5a44f20a-4d11-6cc9-1cba-2723afd47d66,
2020-04-25 19:30:02.346,,2020-04-25 19:34:22.392,2020-04-25 19:34:22.391,,,1.0,,UTC-0700,BfdGMJKwGJ,com.sec.android.app.shealth,2020-04-25 19:30:07.346,77a4fa38-8fee-9180-2c43-a4d263e1f707,
2020-04-25 19:32:27.382,,2020-04-25 19:34:22.483,2020-04-25 19:34:22.410,,,3.0,,UTC-0700,BfdGMJKwGJ,com.sec.android.app.shealth,2020-04-25 19:33:12.387,0e5f830d-8bfb-8435-1c3a-f18d49aea9d5,
2020-04-25 21:48:24.475,,2020-04-25 21:50:51.643,2020-04-25 21:50:51.562,,,1.0,,UTC-0700,BfdGMJKwGJ,com.sec.android.app.shealth,2020-04-25 21:48:30.556,aa3b646e-ea79-929e-8d1f-12e7b53df1bb,
2020-04-25 21:57:30.504,,2020-04-25 21:58:02.542,2020-04-25 21:58:02.521,,,1.0,,UTC-0700,BfdGMJKwGJ,com.sec.android.app.shealth,2020-04-25 21:57:45.506,ffc4c416-ff27-8ea2-a055-7436998db9b9,
2020-04-25 23:44:17.299,,2020-04-25 23:44:30.388,2020-04-25 23:44:30.348,,,1.0,,UTC-0600,BfdGMJKwGJ,com.sec.android.app.shealth,2020-04-25 23:44:27.305,9a7a489c-dbb2-e7c6-15ca-362660ecee39,
2020-04-26 20:09:58.905,,2020-04-26 20:10:14.988,2020-04-26 20:10:10.909,,,1.0,,UTC-0500,BfdGMJKwGJ,com.sec.android.app.shealth,2020-04-26 20:10:08.920,5a41b35d-09cb-0143-ccf7-1c5dddf3344d,
2020-04-26 21:36:22.524,,2020-04-26 21:38:17.154,2020-04-26 21:38:17.106,,,1.0,,UTC-0500,BfdGMJKwGJ,com.sec.android.app.shealth,2020-04-26 21:36:35.966,ed1c6bba-82eb-87f1-9682-fa79c5878efd,
2020-04-26 21:38:23.258,,2020-04-26 21:38:58.297,2020-04-26 21:38:58.283,,,1.0,,UTC-0500,BfdGMJKwGJ,com.sec.android.app.shealth,2020-04-26 21:38:41.265,5d652639-8807-1524-6f03-fd556bd308e7,
2020-04-26 21:40:20.976,,2020-04-26 21:40:34.984,2020-04-26 21:40:34.984,,,1.0,,UTC-0500,BfdGMJKwGJ,com.sec.android.app.shealth,2020-04-26 21:40:31.976,d7d332b3-0a43-ea5d-ae0f-816510488c49,
2020-04-26 22:16:54.234,,2020-04-26 22:20:36.370,2020-04-26 22:20:36.304,,,1.0,,UTC-0500,BfdGMJKwGJ,com.sec.android.app.shealth,2020-04-26 22:17:08.236,88fd27ae-04a0-5b8c-696d-c8e64cf681dd,
2020-04-28 18:01:09.824,,2020-04-28 18:06:12.284,2020-04-28 18:06:12.255,,,1.0,,UTC-0500,BfdGMJKwGJ,com.sec.android.app.shealth,2020-04-28 18:01:22.826,d5f2e005-3253-a0aa-7189-525ce872994c,
2020-04-28 21:30:05.326,,2020-04-28 21:30:51.281,2020-04-28 21:30:22.337,,,3.0,,UTC-0500,BfdGMJKwGJ,com.sec.android.app.shealth,2020-04-28 21:30:47.213,1dfd1c63-7d2b-5f0f-0073-731e0bd860c4,
2020-04-29 10:32:56.888,,2020-04-29 10:33:11.928,2020-04-29 10:33:11.893,,,1.0,,UTC-0600,BfdGMJKwGJ,com.sec.android.app.shealth,2020-04-29 10:33:09.890,ae803174-63b5-267f-e9f1-ae58d01bbf14,
2020-04-29 11:20:08.681,,2020-04-29 11:32:18.785,2020-04-29 11:32:18.702,,,1.0,,UTC-0600,BfdGMJKwGJ,com.sec.android.app.shealth,2020-04-29 11:20:18.684,485177e5-4453-bb33-f915-7f1c597b3d4e,
2020-04-29 16:22:50.400,,2020-04-29 16:23:11.433,2020-04-29 16:23:11.406,,,1.0,,UTC-0700,BfdGMJKwGJ,com.sec.android.app.shealth,2020-04-29 16:22:58.402,9dcce826-8638-3074-d444-1fac21fea00c,
2020-04-29 18:28:39.433,,2020-04-29 18:36:49.475,2020-04-29 18:36:49.457,,,1.0,,UTC-0700,BfdGMJKwGJ,com.sec.android.app.shealth,2020-04-29 18:28:52.434,15a903e0-cb1a-4c21-16da-0d4b7e235c18,
2020-04-29 18:36:51.240,,2020-04-29 18:37:00.854,2020-04-29 18:36:59.261,,,1.0,,UTC-0700,BfdGMJKwGJ,com.sec.android.app.shealth,2020-04-29 18:36:59.820,440746d2-b414-1ca3-ed68-e4daf77e15ac,
2020-04-30 16:01:48.398,,2020-04-30 16:02:09.476,2020-04-30 16:02:09.430,,,1.0,,UTC-0700,BfdGMJKwGJ,com.sec.android.app.shealth,2020-04-30 16:01:58.400,be8f3361-f3f7-3e30-c3c5-e16bdedd5ec5,
2020-04-30 17:20:58.328,,2020-04-30 17:27:59.331,2020-04-30 17:27:59.330,,,1.0,,UTC-0700,BfdGMJKwGJ,com.sec.android.app.shealth,2020-04-30 17:21:03.328,bba23b43-4d33-fc08-04d7-28e5e4cd6b9b,
2020-05-01 12:22:22.055,,2020-05-01 12:30:29.375,2020-05-01 12:30:29.321,,,1.0,,UTC-0500,BfdGMJKwGJ,com.sec.android.app.shealth,2020-05-01 12:22:35.057,53ff2eb4-27d6-2513-8995-e0381c697208,
2020-05-01 12:37:50.531,,2020-05-01 12:38:30.692,2020-05-01 12:38:30.681,,,1.0,,UTC-0500,BfdGMJKwGJ,com.sec.android.app.shealth,2020-05-01 12:38:12.536,6e2cacb1-d45c-b8dc-1e54-1b582e325fff,
2020-05-01 13:33:49.168,,2020-05-01 13:44:10.407,2020-05-01 13:44:10.382,,,1.0,,UTC-0500,BfdGMJKwGJ,com.sec.android.app.shealth,2020-05-01 13:34:03.169,e028e3f5-17aa-c462-84d2-7ff277aa1e07,
2020-05-01 13:37:10.169,,2020-05-01 13:44:10.599,2020-05-01 13:44:10.427,,,2.0,,UTC-0500,BfdGMJKwGJ,com.sec.android.app.shealth,2020-05-01 13:37:34.179,9ef4ae9b-8984-6493-bd09-7bcbb7cfe47a,
2020-05-01 14:06:47.883,,2020-05-01 14:09:30.596,2020-05-01 14:07:22.935,,,4.0,,UTC-0500,BfdGMJKwGJ,com.sec.android.app.shealth,2020-05-01 14:07:51.568,842af449-9c75-d9e4-4656-c96a245ab367,
2020-05-01 15:29:09.436,,2020-05-01 15:29:50.488,2020-05-01 15:29:50.456,,,1.0,,UTC-0500,BfdGMJKwGJ,com.sec.android.app.shealth,2020-05-01 15:29:23.438,4962ab70-cb9b-d5a5-b88e-99c04d1493f3,
2020-05-01 19:10:01.960,,2020-05-01 19:10:27.204,2020-05-01 19:10:27.156,,,1.0,,UTC-0500,BfdGMJKwGJ,com.sec.android.app.shealth,2020-05-01 19:10:12.963,0147757c-85b4-e86f-4c54-23040eb7dad8,
2020-05-01 20:06:19.545,,2020-05-01 20:08:31.581,2020-05-01 20:06:30.547,,,1.0,,UTC-0500,BfdGMJKwGJ,com.sec.android.app.shealth,2020-05-01 20:06:33.509,3b842ed1-b535-f581-cc37-f4a96e13f06f,
2020-05-01 20:13:33.329,,2020-05-01 20:15:52.364,2020-05-01 20:15:52.340,,,1.0,,UTC-0500,BfdGMJKwGJ,com.sec.android.app.shealth,2020-05-01 20:13:44.331,2e746b30-ca34-a6c2-56c0-b85957a21b7b,
2020-05-02 19:41:18.642,,2020-05-02 19:43:09.716,2020-05-02 19:43:09.677,,,1.0,,UTC-0500,BfdGMJKwGJ,com.sec.android.app.shealth,2020-05-02 19:41:34.644,2ca44d1d-fac7-2094-bc6a-ee891c36945f,
2020-05-02 20:16:41.766,,2020-05-02 20:19:09.934,2020-05-02 20:19:09.907,,,1.0,,UTC-0500,BfdGMJKwGJ,com.sec.android.app.shealth,2020-05-02 20:16:53.770,56bc41c0-c192-d64f-6934-4aad0bc5e2fd,
2020-05-02 21:43:22.786,,2020-05-02 21:49:39.848,2020-05-02 21:49:39.820,,,1.0,,UTC-0500,BfdGMJKwGJ,com.sec.android.app.shealth,2020-05-02 21:43:43.788,6ee433db-d2f2-0e1f-0a07-aeac416866d5,
2020-05-03 07:02:05.240,,2020-05-03 07:02:19.262,2020-05-03 07:02:19.242,,,1.0,,UTC-0600,BfdGMJKwGJ,com.sec.android.app.shealth,2020-05-03 07:02:18.242,143a9ad9-7360-d81b-0e27-a66e873f6eeb,
2020-05-03 15:14:19.326,,2020-05-03 15:16:03.359,2020-05-03 15:16:03.329,,,2.0,,UTC-0600,BfdGMJKwGJ,com.sec.android.app.shealth,2020-05-03 15:14:45.328,6a3c2284-bf1f-433d-82e2-fe371fd84f1b,
2020-05-03 16:27:17.388,,2020-05-03 16:28:23.385,2020-05-03 16:27:26.391,,,3.0,,UTC-0600,BfdGMJKwGJ,com.sec.android.app.shealth,2020-05-03 16:27:34.344,b1ed4bcc-c52b-b5f1-7a3c-76a328c138ac,
2020-05-03 16:47:02.445,,2020-05-03 16:50:31.523,2020-05-03 16:50:31.468,,,3.0,,UTC-0600,BfdGMJKwGJ,com.sec.android.app.shealth,2020-05-03 16:47:45.451,911cdbe4-84ac-f044-7404-5d7f2e5ebb15,
2020-05-04 18:21:27.323,,2020-05-04 18:29:21.563,2020-05-04 18:29:21.333,,,2.0,,UTC-0700,BfdGMJKwGJ,com.sec.android.app.shealth,2020-05-04 18:21:36.326,ee576d4f-6249-78c8-54f9-ec16a5fea63e,
2020-05-04 18:35:29.338,,2020-05-04 18:50:01.541,2020-05-04 18:50:01.346,,,1.0,,UTC-0700,BfdGMJKwGJ,com.sec.android.app.shealth,2020-05-04 18:35:44.342,e7576079-7504-696c-66e9-ffbbea132f74,
2020-05-05 19:35:35.636,,2020-05-05 19:35:44.703,2020-05-05 19:35:44.654,,,2.0,,UTC-0700,BfdGMJKwGJ,com.sec.android.app.shealth,2020-05-05 19:35:35.637,6f05c1c7-7662-61d1-44c3-0b7ec1cd8d95,
2020-05-07 16:49:50.281,,2020-05-07 16:51:51.703,2020-05-07 16:51:51.317,,,7.0,,UTC-0400,BfdGMJKwGJ,com.sec.android.app.shealth,2020-05-07 16:51:10.310,0436333e-27d2-e744-df72-309641f67079,
2020-05-07 18:55:52.417,,2020-05-07 19:27:27.484,2020-05-07 19:27:27.424,,,1.0,,UTC-0400,BfdGMJKwGJ,com.sec.android.app.shealth,2020-05-07 18:56:01.419,2a15260c-c3fc-f8ea-bc03-5272b2090d5e,
2020-05-07 19:04:05.419,,2020-05-07 19:27:27.514,2020-05-07 19:27:27.500,,,2.0,,UTC-0400,BfdGMJKwGJ,com.sec.android.app.shealth,2020-05-07 19:04:33.420,c5565724-29c5-27dc-a39c-3fb2aec25603,
2020-05-07 20:54:25.736,,2020-05-07 21:07:11.775,2020-05-07 21:07:11.745,,,1.0,,UTC-0400,BfdGMJKwGJ,com.sec.android.app.shealth,2020-05-07 20:54:38.738,cb3b7a84-d5b7-2639-9241-309d34c07056,
2020-05-09 19:53:45.671,,2020-05-09 19:55:31.718,2020-05-09 19:55:31.676,,,1.0,,UTC-0400,BfdGMJKwGJ,com.sec.android.app.shealth,2020-05-09 19:54:08.673,7d6e72ca-7dbe-de6a-1dd6-ef94612980f6,
2020-05-09 20:04:05.928,,2020-05-09 20:06:05.237,2020-05-09 20:06:05.186,,,1.0,,UTC-0400,BfdGMJKwGJ,com.sec.android.app.shealth,2020-05-09 20:04:34.931,6fa19817-9ea9-3892-853f-0b1af0d6ea38,
2020-05-09 20:55:13.772,,2020-05-09 20:57:44.800,2020-05-09 20:57:44.776,,,1.0,,UTC-0400,BfdGMJKwGJ,com.sec.android.app.shealth,2020-05-09 20:55:37.774,d5dd9e5f-12d0-8a2f-b65d-eda5a31ba99e,
2020-05-09 21:07:42.369,,2020-05-09 21:11:48.469,2020-05-09 21:11:48.399,,,2.0,,UTC-0400,BfdGMJKwGJ,com.sec.android.app.shealth,2020-05-09 21:09:15.379,cb3e89f5-939c-11b2-e9a9-5a2b59d6d698,
2020-05-09 21:16:18.553,,2020-05-09 21:36:02.594,2020-05-09 21:36:02.591,,,1.0,,UTC-0400,BfdGMJKwGJ,com.sec.android.app.shealth,2020-05-09 21:16:47.553,71506da4-4535-5202-ad16-683dd233d1fb,
2020-05-13 15:21:33.997,,2020-05-13 15:23:57.140,2020-05-13 15:23:57.058,,,1.0,,UTC-0400,BfdGMJKwGJ,com.sec.android.app.shealth,2020-05-13 15:21:51.000,0e088692-fc69-e4ba-8cca-396102998655,
2020-05-15 13:48:36.198,,2020-05-15 13:50:14.360,2020-05-15 13:50:14.338,,,1.0,,UTC-0400,BfdGMJKwGJ,com.sec.android.app.shealth,2020-05-15 13:48:46.324,0a2c8b8a-286c-6a91-67b0-aaaae35b88a5,
2020-05-15 13:50:15.353,,2020-05-15 13:51:24.552,2020-05-15 13:51:17.390,,,3.0,,UTC-0400,BfdGMJKwGJ,com.sec.android.app.shealth,2020-05-15 13:51:19.518,4b749b63-d225-c066-121a-e477191545da,
2020-05-19 10:31:02.413,,2020-05-19 10:31:43.415,2020-05-19 10:31:43.415,,,1.0,,UTC-0500,BfdGMJKwGJ,com.sec.android.app.shealth,2020-05-19 10:31:13.413,8cc8f65f-53e1-63fd-ecc5-6d5d70cd93bf,
2020-05-19 10:45:44.870,,2020-05-19 10:50:22.271,2020-05-19 10:50:22.240,,,2.0,,UTC-0500,BfdGMJKwGJ,com.sec.android.app.shealth,2020-05-19 10:46:20.130,17c244c9-f06e-33f9-831d-480e0a6cb291,
2020-05-19 21:16:06.849,,2020-05-19 21:44:22.968,2020-05-19 21:44:22.928,,,1.0,,UTC-0500,BfdGMJKwGJ,com.sec.android.app.shealth,2020-05-19 21:16:13.871,8c453b39-0e43-3475-6dbf-3cf607bced2f,
2020-05-21 17:28:16.635,,2020-05-21 17:28:39.861,2020-05-21 17:28:39.692,,,1.0,,UTC-0500,BfdGMJKwGJ,com.sec.android.app.shealth,2020-05-21 17:28:33.843,01a87602-562c-8a9d-ef86-c6b45d015114,
2020-05-23 19:02:21.839,,2020-05-23 19:10:56.021,2020-05-23 19:10:56.020,,,1.0,,UTC-0500,BfdGMJKwGJ,com.sec.android.app.shealth,2020-05-23 19:02:26.839,3a1430cb-4fa4-2929-134f-9ff39c5240a1,
2020-05-24 03:20:23.358,,2020-05-24 03:31:26.808,2020-05-24 03:31:26.766,,,2.0,,UTC-0500,BfdGMJKwGJ,com.sec.android.app.shealth,2020-05-24 03:20:35.360,4f26031a-8eb7-6488-fb1b-ed05abe589aa,
2020-05-24 03:21:50.360,,2020-05-24 03:31:26.871,2020-05-24 03:31:26.828,,,1.0,,UTC-0500,BfdGMJKwGJ,com.sec.android.app.shealth,2020-05-24 03:22:04.365,2c17bb6c-0409-2122-8492-0816080b083f,
2020-05-24 03:24:43.365,,2020-05-24 03:31:26.965,2020-05-24 03:31:26.898,,,2.0,,UTC-0500,BfdGMJKwGJ,com.sec.android.app.shealth,2020-05-24 03:24:58.368,e7fe57ce-150b-361d-b7a5-7d6e069e0194,
2020-05-24 03:26:20.368,,2020-05-24 03:31:27.045,2020-05-24 03:31:26.993,,,1.0,,UTC-0500,BfdGMJKwGJ,com.sec.android.app.shealth,2020-05-24 03:26:27.375,fbf5e184-c38e-b12a-fec3-957262c0145d,
2020-05-27 23:39:06.487,,2020-05-27 23:56:06.524,2020-05-27 23:56:06.489,,,1.0,,UTC-0500,BfdGMJKwGJ,com.sec.android.app.shealth,2020-05-27 23:39:17.489,0cd966a2-1e98-d1c6-a0ca-04de12f0b19a,
2020-05-28 02:41:55.799,,2020-05-28 03:03:03.881,2020-05-28 03:03:03.808,,,2.0,,UTC-0500,BfdGMJKwGJ,com.sec.android.app.shealth,2020-05-28 02:42:04.803,fc27b8fe-2b66-b0c9-56c9-f8e4be13ca7e,
2020-05-29 13:23:35.849,,2020-05-29 13:25:11.144,2020-05-29 13:23:56.863,,,1.0,,UTC-0500,BfdGMJKwGJ,com.sec.android.app.shealth,2020-05-29 13:23:57.428,647f6f60-a4ad-f1d7-2c09-4d9eadd415d5,
2020-05-29 13:38:13.964,,2020-05-29 13:38:26.993,2020-05-29 13:38:26.968,,,1.0,,UTC-0500,BfdGMJKwGJ,com.sec.android.app.shealth,2020-05-29 13:38:26.967,171d7a41-5a8c-3437-efa4-ca2a5d528fd0,
2020-05-29 14:25:35.906,,2020-05-29 14:44:54.959,2020-05-29 14:44:54.924,,,1.0,,UTC-0500,BfdGMJKwGJ,com.sec.android.app.shealth,2020-05-29 14:25:48.908,611c6aae-3acd-13da-ea5c-74054650f8c6,
2020-05-29 14:37:01.907,,2020-05-29 14:44:55.002,2020-05-29 14:44:54.974,,,1.0,,UTC-0500,BfdGMJKwGJ,com.sec.android.app.shealth,2020-05-29 14:37:13.909,1eccc556-729c-2b16-4cf0-05f37aa524cf,
2020-05-29 19:44:39.497,,2020-05-29 19:46:46.608,2020-05-29 19:46:46.525,,,4.0,,UTC-0500,BfdGMJKwGJ,com.sec.android.app.shealth,2020-05-29 19:45:21.503,f3ae2580-0366-a0b8-e0b5-14927832de7d,
2020-05-29 19:46:44.410,,2020-05-29 19:47:31.491,2020-05-29 19:47:09.434,,,2.0,,UTC-0500,BfdGMJKwGJ,com.sec.android.app.shealth,2020-05-29 19:47:23.465,1b89ff60-7083-ee2e-1f54-13781f3c95ed,
2020-05-29 19:48:44.418,,2020-05-29 19:49:31.456,2020-05-29 19:49:31.434,,,1.0,,UTC-0500,BfdGMJKwGJ,com.sec.android.app.shealth,2020-05-29 19:48:56.421,4b7b2f44-6e83-aa3f-b2fe-033d8915827a,
2020-05-29 19:50:26.475,,2020-05-29 19:54:15.533,2020-05-29 19:51:05.505,,,12.0,,UTC-0500,BfdGMJKwGJ,com.sec.android.app.shealth,2020-05-29 19:54:13.498,f636df22-99a0-5cfd-0efc-463f389987db,
2020-05-29 19:55:49.397,,2020-05-29 19:57:48.545,2020-05-29 19:56:29.431,,,2.0,,UTC-0500,BfdGMJKwGJ,com.sec.android.app.shealth,2020-05-29 19:56:47.523,6af567a2-817f-f51e-3bb3-7c06b85d17a9,
2020-05-29 19:58:55.494,,2020-05-29 19:59:30.592,2020-05-29 19:59:30.549,,,1.0,,UTC-0500,BfdGMJKwGJ,com.sec.android.app.shealth,2020-05-29 19:59:02.497,23619a42-9dd6-a4b9-e0b4-4d34c0881969,
2020-05-29 20:01:32.512,,2020-05-29 20:06:18.643,2020-05-29 20:06:18.632,,,1.0,,UTC-0500,BfdGMJKwGJ,com.sec.android.app.shealth,2020-05-29 20:01:44.514,c432dbc4-9f8f-4d1d-516e-a024454d64b0,
2020-05-29 23:02:15.351,,2020-05-29 23:04:25.384,2020-05-29 23:04:25.357,,,1.0,,UTC-0500,BfdGMJKwGJ,com.sec.android.app.shealth,2020-05-29 23:02:32.354,02a004a5-678c-bd1a-1a59-c821b70d5678,
2020-05-30 15:59:28.456,,2020-05-30 16:05:12.629,2020-05-30 16:05:12.514,,,7.0,,UTC-0500,BfdGMJKwGJ,com.sec.android.app.shealth,2020-05-30 16:00:32.462,f64d49b0-df63-caa6-caf7-4cffd601c508,
2020-05-30 16:25:58.518,,2020-05-30 16:27:38.707,2020-05-30 16:27:38.574,,,4.0,,UTC-0500,BfdGMJKwGJ,com.sec.android.app.shealth,2020-05-30 16:27:03.524,6bddf419-d0da-a5fc-e342-ecbe8987b78c,
2020-05-30 16:28:52.546,,2020-05-30 16:31:47.569,2020-05-30 16:31:47.550,,,1.0,,UTC-0500,BfdGMJKwGJ,com.sec.android.app.shealth,2020-05-30 16:29:00.548,672325bd-e635-b1b8-c3f9-6d72134a0ff2,
2020-05-30 16:30:53.548,,2020-05-30 16:31:47.607,2020-05-30 16:31:47.582,,,1.0,,UTC-0500,BfdGMJKwGJ,com.sec.android.app.shealth,2020-05-30 16:31:05.550,273f883e-0887-c9fc-9378-fe7c19e4975b,
2020-05-30 16:35:38.494,,2020-05-30 16:44:26.880,2020-05-30 16:44:26.829,,,1.0,,UTC-0500,BfdGMJKwGJ,com.sec.android.app.shealth,2020-05-30 16:35:46.497,c6170cd4-c067-4014-dabc-25549ac562a0,
2020-05-30 16:41:50.508,,2020-05-30 16:44:27.032,2020-05-30 16:44:26.895,,,5.0,,UTC-0500,BfdGMJKwGJ,com.sec.android.app.shealth,2020-05-30 16:43:10.724,c1217118-44bb-4be1-a477-893f548c8222,
2020-05-30 19:47:16.225,,2020-05-30 19:47:48.232,2020-05-30 19:47:48.232,,,1.0,,UTC-0500,BfdGMJKwGJ,com.sec.android.app.shealth,2020-05-30 19:47:29.225,4407a583-13a0-04eb-f041-044fe737f8b7,
2020-06-01 18:48:16.700,,2020-06-01 18:58:32.808,2020-06-01 18:58:32.704,,,2.0,,UTC-0700,BfdGMJKwGJ,com.sec.android.app.shealth,2020-06-01 18:48:36.703,bc75aafc-9c86-94a2-51e9-ee762dc02897,
2020-06-03 01:12:46.519,,2020-06-03 01:15:06.499,2020-06-03 01:13:03.525,,,2.0,,UTC-0600,BfdGMJKwGJ,com.sec.android.app.shealth,2020-06-03 01:13:27.460,4b55c32c-7a8f-cb63-2570-30899b9ef130,
2020-06-03 04:48:35.586,,2020-06-03 04:56:27.842,2020-06-03 04:56:27.817,,,1.0,,UTC-0600,BfdGMJKwGJ,com.sec.android.app.shealth,2020-06-03 04:48:46.600,8245fd8c-4a70-13e0-d967-e510d6b33726,
2020-06-10 15:50:22.647,,2020-06-10 16:14:56.696,2020-06-10 16:14:56.665,,,1.0,,UTC-0400,BfdGMJKwGJ,com.sec.android.app.shealth,2020-06-10 15:50:30.649,d0ea3fa2-9f25-c7fa-8ab2-d2e5deb562b4,
2020-06-10 19:45:51.591,,2020-06-10 19:47:37.889,2020-06-10 19:47:37.888,,,1.0,,UTC-0400,BfdGMJKwGJ,com.sec.android.app.shealth,2020-06-10 19:46:03.591,c6bd637e-7e31-c32a-f1c3-f5cf9f8f6f89,
2020-06-10 19:53:41.264,,2020-06-10 19:55:14.330,2020-06-10 19:55:14.289,,,1.0,,UTC-0400,BfdGMJKwGJ,com.sec.android.app.shealth,2020-06-10 19:53:51.266,8c117867-2a68-b530-8e5d-7caafb648860,
2020-06-10 20:03:27.530,,2020-06-10 20:06:11.855,2020-06-10 20:06:11.806,,,1.0,,UTC-0400,BfdGMJKwGJ,com.sec.android.app.shealth,2020-06-10 20:03:43.535,a5a6a01e-e3f2-b6ce-7438-580dbc2fd69f,
2020-06-10 22:45:36.798,,2020-06-10 22:52:55.846,2020-06-10 22:52:55.814,,,1.0,,UTC-0400,BfdGMJKwGJ,com.sec.android.app.shealth,2020-06-10 22:45:42.807,4d49561d-61ee-16b4-20c5-739c4feb87b2,
2020-06-11 01:26:00.031,,2020-06-11 01:55:11.384,2020-06-11 01:55:11.104,,,2.0,,UTC-0500,BfdGMJKwGJ,com.sec.android.app.shealth,2020-06-11 01:27:17.046,cd54cdca-921a-daba-74ae-220d33cd5898,
2020-06-11 01:30:05.046,,2020-06-11 01:55:11.465,2020-06-11 01:55:11.410,,,1.0,,UTC-0500,BfdGMJKwGJ,com.sec.android.app.shealth,2020-06-11 01:30:22.054,568e008e-877e-dc20-af2d-421aec2433c7,
2020-06-11 01:37:14.058,,2020-06-11 01:55:11.916,2020-06-11 01:55:11.493,,,3.0,,UTC-0500,BfdGMJKwGJ,com.sec.android.app.shealth,2020-06-11 01:38:09.083,774d3ea4-6a2d-f717-c534-d01f91a5554f,
2020-06-11 01:41:03.094,,2020-06-11 01:55:12.043,2020-06-11 01:55:11.962,,,1.0,,UTC-0500,BfdGMJKwGJ,com.sec.android.app.shealth,2020-06-11 01:41:10.097,de3ef3b9-e6f5-a54e-1a6d-fd204501992b,
2020-06-11 01:54:32.097,,2020-06-11 01:55:12.074,2020-06-11 01:55:12.074,,,1.0,,UTC-0500,BfdGMJKwGJ,com.sec.android.app.shealth,2020-06-11 01:54:37.097,541cebe5-2db5-78ea-2dfd-597c680a37d9,
2020-06-11 05:33:09.030,,2020-06-11 05:41:40.335,2020-06-11 05:41:40.099,,,3.0,,UTC-0500,BfdGMJKwGJ,com.sec.android.app.shealth,2020-06-11 05:34:37.048,82cd1b04-c07f-43ce-29bd-9e226d31ca8b,
2020-06-11 05:36:15.060,,2020-06-11 05:41:40.380,2020-06-11 05:41:40.349,,,1.0,,UTC-0500,BfdGMJKwGJ,com.sec.android.app.shealth,2020-06-11 05:36:27.064,2af82974-e762-b810-22c0-bc4f620cc070,
2020-06-11 05:39:06.072,,2020-06-11 05:48:38.309,2020-06-11 05:41:40.397,,,6.0,,UTC-0500,BfdGMJKwGJ,com.sec.android.app.shealth,2020-06-11 05:40:40.042,33d2360e-f4a6-7fe6-d0ae-f07281700205,
2020-06-11 05:42:01.042,,2020-06-11 05:48:38.398,2020-06-11 05:48:38.324,,,2.0,,UTC-0500,BfdGMJKwGJ,com.sec.android.app.shealth,2020-06-11 05:42:50.067,c445f3af-fd73-a018-d841-c723f5e5a670,
2020-06-11 05:45:54.067,,2020-06-11 06:01:03.134,2020-06-11 05:48:38.414,,,7.0,,UTC-0500,BfdGMJKwGJ,com.sec.android.app.shealth,2020-06-11 05:48:13.031,92e6b21a-430a-4bd3-a778-014942966824,
2020-06-11 05:55:38.030,,2020-06-11 06:01:03.263,2020-06-11 06:01:03.143,,,5.0,,UTC-0500,BfdGMJKwGJ,com.sec.android.app.shealth,2020-06-11 05:56:42.035,7fae45e8-5405-b818-818e-a3f74073e101,
2020-06-15 12:44:05.812,,2020-06-15 12:44:05.881,2020-06-15 12:44:05.839,,,1.0,,UTC-0500,BfdGMJKwGJ,com.sec.android.app.shealth,2020-06-15 12:44:05.815,c21fe51d-d436-9ef4-b53d-ebf2a4d36031,
2020-06-16 18:39:11.708,,2020-06-16 18:42:14.843,2020-06-16 18:42:14.714,,,1.0,,UTC-0700,BfdGMJKwGJ,com.sec.android.app.shealth,2020-06-16 18:39:20.711,8a696f73-eb11-3bd1-e446-c91d0dfa76c3,
2020-06-21 15:03:26.560,,2020-06-21 15:06:10.645,2020-06-21 15:06:10.587,,,2.0,,UTC-0500,BfdGMJKwGJ,com.sec.android.app.shealth,2020-06-21 15:03:57.563,730fcc83-e3b5-a838-874b-0cd0cb1ce365,
2020-06-21 15:08:37.664,,2020-06-21 15:11:09.755,2020-06-21 15:11:09.743,,,1.0,,UTC-0500,BfdGMJKwGJ,com.sec.android.app.shealth,2020-06-21 15:08:50.674,e969ae12-bfdb-8468-0a90-407480869349,
2020-06-21 15:10:45.674,,2020-06-21 15:11:09.807,2020-06-21 15:11:09.796,,,1.0,,UTC-0500,BfdGMJKwGJ,com.sec.android.app.shealth,2020-06-21 15:10:58.675,ad6955d0-89f2-9477-c101-84ede9d17442,
2020-06-21 15:14:53.151,,2020-06-21 15:18:13.475,2020-06-21 15:18:13.422,,,3.0,,UTC-0500,BfdGMJKwGJ,com.sec.android.app.shealth,2020-06-21 15:15:35.283,3318a624-c7cc-1a52-bf54-c490cd8c1cc7,
2020-06-21 15:16:54.282,,2020-06-21 15:20:13.667,2020-06-21 15:18:13.487,,,7.0,,UTC-0500,BfdGMJKwGJ,com.sec.android.app.shealth,2020-06-21 15:20:09.476,d06b035f-333a-3158-6d24-983d50d18e96,
2020-06-21 15:25:12.763,,2020-06-21 15:40:23.026,2020-06-21 15:40:23.002,,,1.0,,UTC-0500,BfdGMJKwGJ,com.sec.android.app.shealth,2020-06-21 15:25:19.767,1f553154-aad9-7175-99a6-e2be8acc7f03,
2020-06-22 13:21:22.780,,2020-06-22 13:48:42.813,2020-06-22 13:48:42.787,,,1.0,,UTC-0500,BfdGMJKwGJ,com.sec.android.app.shealth,2020-06-22 13:21:42.782,1a497c8b-555b-a737-e1d0-17f6c9ef294d,
2020-06-22 17:01:12.757,,2020-06-22 17:01:12.810,2020-06-22 17:01:12.762,,,2.0,,UTC-0500,BfdGMJKwGJ,com.sec.android.app.shealth,2020-06-22 17:01:12.759,747fca24-9c89-0df3-a529-c2047bb872c2,
2020-06-24 04:46:45.064,,2020-06-24 04:52:52.379,2020-06-24 04:52:52.353,,,1.0,,UTC-0500,BfdGMJKwGJ,com.sec.android.app.shealth,2020-06-24 04:46:55.068,a6f37f7a-d6d8-9828-bc21-5998f8e1042b,
2020-06-24 11:31:37.485,,2020-06-24 11:32:27.514,2020-06-24 11:32:27.490,,,1.0,,UTC-0500,BfdGMJKwGJ,com.sec.android.app.shealth,2020-06-24 11:31:49.487,ad8d8dd3-c9cd-5dbb-6431-f11b6b39c7d8,
2020-06-24 12:03:46.727,,2020-06-24 12:10:50.799,2020-06-24 12:10:50.734,,,1.0,,UTC-0500,BfdGMJKwGJ,com.sec.android.app.shealth,2020-06-24 12:03:57.729,13cc9f9a-1055-25a0-e3d6-cd4dbe7a7402,
2020-07-01 20:11:53.941,,2020-07-01 20:16:15.975,2020-07-01 20:16:15.945,,,1.0,,UTC-0700,BfdGMJKwGJ,com.sec.android.app.shealth,2020-07-01 20:12:08.943,40a57b66-0363-0ff2-a068-3547aaf4d4eb,
2020-07-01 21:15:34.870,,2020-07-01 21:35:11.994,2020-07-01 21:35:11.936,,,1.0,,UTC-0700,BfdGMJKwGJ,com.sec.android.app.shealth,2020-07-01 21:15:43.872,ccc04ca3-5163-78ae-c025-ab001b6fb541,
2020-07-09 23:50:20.672,,2020-07-10 00:04:00.955,2020-07-10 00:04:00.933,,,2.0,,UTC-0400,BfdGMJKwGJ,com.sec.android.app.shealth,2020-07-09 23:50:30.695,43875eb9-da77-9e4d-11c5-9e2f2239c4bc,
2020-07-11 03:35:25.603,,2020-07-11 03:40:42.630,2020-07-11 03:40:42.606,,,1.0,,UTC-0500,BfdGMJKwGJ,com.sec.android.app.shealth,2020-07-11 03:35:42.606,d4547a0a-7191-5e26-bc8e-d12121bedf2a,
2020-07-11 03:43:10.008,,2020-07-11 03:46:23.344,2020-07-11 03:46:23.292,,,1.0,,UTC-0500,BfdGMJKwGJ,com.sec.android.app.shealth,2020-07-11 03:43:28.010,969cdb98-1767-ded9-9713-0ed152399627,
2020-07-11 04:05:38.985,,2020-07-11 04:14:07.002,2020-07-11 04:14:06.991,,,1.0,,UTC-0500,BfdGMJKwGJ,com.sec.android.app.shealth,2020-07-11 04:05:51.986,0ea282e2-4f73-077d-9301-ce8fbb747dec,
2020-07-13 02:32:58.432,,2020-07-13 02:35:40.457,2020-07-13 02:35:40.435,,,1.0,,UTC-0600,BfdGMJKwGJ,com.sec.android.app.shealth,2020-07-13 02:33:08.434,6346f480-999f-4477-e4e7-43ab1cdf6434,
2020-07-13 03:03:18.472,,2020-07-13 03:05:28.509,2020-07-13 03:05:28.486,,,1.0,,UTC-0600,BfdGMJKwGJ,com.sec.android.app.shealth,2020-07-13 03:03:30.474,9e077ae1-d67b-011a-99d5-31f72729ef52,
2020-07-13 04:17:42.515,,2020-07-13 04:21:19.541,2020-07-13 04:21:19.519,,,1.0,,UTC-0600,BfdGMJKwGJ,com.sec.android.app.shealth,2020-07-13 04:17:53.518,b99c4dff-c511-b3a7-cdcc-70f005a174ac,
2020-07-13 04:41:55.413,,2020-07-13 04:44:24.483,2020-07-13 04:44:24.430,,,3.0,,UTC-0600,BfdGMJKwGJ,com.sec.android.app.shealth,2020-07-13 04:43:11.418,6e547c3c-1746-8b02-4317-f2f3792b7e2f,
2020-07-13 12:14:21.351,,2020-07-13 12:46:22.376,2020-07-13 12:46:22.355,,,1.0,,UTC-0600,BfdGMJKwGJ,com.sec.android.app.shealth,2020-07-13 12:14:32.353,1c074492-78b5-3a95-bdcd-f02bb7685f3c,
2020-07-14 02:06:28.336,,2020-07-14 02:07:06.405,2020-07-14 02:07:06.393,,,1.0,,UTC-0600,BfdGMJKwGJ,com.sec.android.app.shealth,2020-07-14 02:06:41.375,85a6c378-eab4-98ad-652a-a23554e04994,
2020-08-01 17:35:24.426,,2020-08-01 17:37:16.461,2020-08-01 17:37:16.432,,,1.0,,UTC-0500,BfdGMJKwGJ,com.sec.android.app.shealth,2020-08-01 17:35:41.429,0ce255f6-a0e7-529f-9820-84295f13eec0,
2020-08-02 22:08:26.467,,2020-08-02 22:09:54.513,2020-08-02 22:09:54.469,,,1.0,,UTC-0500,BfdGMJKwGJ,com.sec.android.app.shealth,2020-08-02 22:08:39.469,63d4b570-2e76-3e0c-ea42-74e51d804e77,
2020-08-02 22:39:00.683,,2020-08-02 22:44:44.863,2020-08-02 22:44:44.744,,,3.0,,UTC-0500,BfdGMJKwGJ,com.sec.android.app.shealth,2020-08-02 22:39:19.686,a912f5e3-a03b-4c00-0da4-84fca098cc65,
2020-08-02 22:44:46.379,,2020-08-02 22:55:29.413,2020-08-02 22:55:29.388,,,1.0,,UTC-0500,BfdGMJKwGJ,com.sec.android.app.shealth,2020-08-02 22:44:54.381,5e0cdafa-23c6-3501-c836-25f53eec95cb,
2020-08-02 23:23:23.087,,2020-08-02 23:34:03.149,2020-08-02 23:34:03.098,,,2.0,,UTC-0500,BfdGMJKwGJ,com.sec.android.app.shealth,2020-08-02 23:24:32.090,ce3fae3f-308c-68fc-aba4-2dd88a1dcf66,
2020-08-06 22:38:07.686,,2020-08-06 23:00:44.743,2020-08-06 23:00:44.690,,,2.0,,UTC-0500,BfdGMJKwGJ,com.sec.android.app.shealth,2020-08-06 22:38:45.690,ec684566-80d9-a198-94ac-ed7d898e6321,
2020-08-13 17:00:15.679,,2020-08-13 17:34:41.712,2020-08-13 17:34:41.688,,,1.0,,UTC-0600,BfdGMJKwGJ,com.sec.android.app.shealth,2020-08-13 17:00:43.681,9120e6c6-f37e-0756-42ed-3bf8a24e551e,
2020-08-20 16:48:17.621,,2020-08-20 17:09:46.651,2020-08-20 17:09:46.639,,,1.0,,UTC-0400,BfdGMJKwGJ,com.sec.android.app.shealth,2020-08-20 16:48:27.622,2f42721a-4ceb-18ca-2645-41b0d9c0f01b,
2020-09-20 17:36:49.482,,2020-09-20 17:42:37.704,2020-09-20 17:42:37.652,,,1.0,,UTC-0400,BfdGMJKwGJ,com.sec.android.app.shealth,2020-09-20 17:36:59.492,6aa92823-a4ed-a9d6-15dc-9050cd15035b,
2020-09-21 16:59:13.496,,2020-09-21 16:59:29.387,2020-09-21 16:59:21.501,,,1.0,,UTC-0400,BfdGMJKwGJ,com.sec.android.app.shealth,2020-09-21 16:59:25.352,b7504c07-f8c8-a24e-1ce9-a0d882204683,
2020-09-23 18:33:38.669,,2020-09-23 18:42:08.720,2020-09-23 18:42:08.696,,,1.0,,UTC-0400,BfdGMJKwGJ,com.sec.android.app.shealth,2020-09-23 18:33:52.676,aa87eb0c-65b7-dbae-6bb6-9dbad93dbee4,
2021-02-16 21:12:52.661,,2021-02-16 21:14:19.797,2021-02-16 21:14:19.667,,,2.0,,UTC-0700,BfdGMJKwGJ,com.sec.android.app.shealth,2021-02-16 21:14:00.665,4f462f1e-74ba-f72a-0c59-66f102a172d9,
2021-02-20 04:20:09.454,,2021-02-20 04:22:29.514,2021-02-20 04:22:29.472,,,1.0,,UTC-0700,BfdGMJKwGJ,com.sec.android.app.shealth,2021-02-20 04:20:19.456,c4582c2c-925c-315b-7fcb-326a54a69d69,
2021-02-22 02:04:04.019,,2021-02-22 02:09:12.228,2021-02-22 02:09:12.206,,,1.0,,UTC-0700,BfdGMJKwGJ,com.sec.android.app.shealth,2021-02-22 02:04:21.021,130d26e8-6696-60cd-55f4-afb9522c4159,
2021-02-22 02:27:42.756,,2021-02-22 02:30:14.962,2021-02-22 02:30:14.898,,,1.0,,UTC-0700,BfdGMJKwGJ,com.sec.android.app.shealth,2021-02-22 02:27:49.758,15251cf6-3daa-e135-f266-7515d503d060,
2021-02-22 05:18:42.442,,2021-02-22 05:21:19.466,2021-02-22 05:21:19.445,,,1.0,,UTC-0700,BfdGMJKwGJ,com.sec.android.app.shealth,2021-02-22 05:19:01.444,4c8e68e9-7237-d111-3c57-1e2e5dbe16df,
2021-03-03 00:37:32.237,,2021-03-03 00:38:17.262,2021-03-03 00:38:17.239,,,1.0,,UTC-0500,BfdGMJKwGJ,com.sec.android.app.shealth,2021-03-03 00:37:47.239,229b3fb9-38b5-60cc-1fd2-8548d634f59c,
2021-03-03 01:10:30.777,,2021-03-03 01:22:36.071,2021-03-03 01:22:36.015,,,2.0,,UTC-0500,BfdGMJKwGJ,com.sec.android.app.shealth,2021-03-03 01:11:31.784,801f3cda-9003-6d48-f3bc-1003fb243f47,
2021-06-07 22:13:56.477,,2021-06-07 22:16:35.586,2021-06-07 22:16:35.482,,,2.0,,UTC-0700,BfdGMJKwGJ,com.sec.android.app.shealth,2021-06-07 22:15:11.479,dfac5574-5585-829e-4eb2-ac7353858b7b,
2021-06-08 03:22:13.048,,2021-06-08 03:31:28.321,2021-06-08 03:31:28.214,,,1.0,,UTC-0700,BfdGMJKwGJ,com.sec.android.app.shealth,2021-06-08 03:22:33.065,af142ea3-11f0-19f1-42ef-a2751d13625f,
2021-06-08 09:07:25.363,,2021-06-08 09:13:12.525,2021-06-08 09:13:12.498,,,1.0,,UTC-0700,BfdGMJKwGJ,com.sec.android.app.shealth,2021-06-08 09:07:43.365,52c1a0c5-e1fe-d07a-a3ab-63d358d28791,
2022-05-17 03:52:33.379,,2022-05-17 03:55:16.431,2022-05-17 03:55:16.418,,,1.0,,UTC-0700,BfdGMJKwGJ,com.sec.android.app.shealth,2022-05-17 03:52:49.381,fc443dd0-7c73-e329-5cea-12a15bd64759,
2022-05-17 06:38:47.607,,2022-05-17 06:41:29.647,2022-05-17 06:41:29.633,,,1.0,,UTC-0700,BfdGMJKwGJ,com.sec.android.app.shealth,2022-05-17 06:38:57.608,9918032f-99b8-f452-07dc-bfab6b0de1ce,
2022-05-17 07:45:26.347,,2022-05-17 07:58:00.892,2022-05-17 07:58:00.819,,,1.0,,UTC-0700,BfdGMJKwGJ,com.sec.android.app.shealth,2022-05-17 07:45:51.514,69796e7f-a903-fa1e-1076-bee46e9a5d34,
2022-05-20 10:39:34.931,,2022-05-20 10:58:07.965,2022-05-20 10:58:07.943,,,1.0,,UTC-0700,BfdGMJKwGJ,com.sec.android.app.shealth,2022-05-20 10:39:45.933,e2f91464-e492-f325-73b1-f5f47eee3895,
2022-05-20 21:50:06.069,,2022-05-20 21:59:16.285,2022-05-20 21:59:16.207,,,1.0,,UTC-0500,BfdGMJKwGJ,com.sec.android.app.shealth,2022-05-20 21:50:15.071,dfee3864-1856-7c23-5439-a97dcce9f6f3,
2022-05-28 00:12:33.125,,2022-05-28 00:13:49.297,2022-05-28 00:13:49.272,,,1.0,,UTC-0700,BfdGMJKwGJ,com.sec.android.app.shealth,2022-05-28 00:12:41.127,95fab772-fe48-3766-9ce5-e797b1f10102,
2022-05-28 00:54:54.469,,2022-05-28 00:55:34.551,2022-05-28 00:55:34.523,,,1.0,,UTC-0700,BfdGMJKwGJ,com.sec.android.app.shealth,2022-05-28 00:55:06.472,313cd3e9-975e-f7ac-eee0-99f5d206bd84,
2022-05-28 01:05:10.555,,2022-05-28 01:05:36.615,2022-05-28 01:05:36.593,,,1.0,,UTC-0700,BfdGMJKwGJ,com.sec.android.app.shealth,2022-05-28 01:05:26.557,8f21bd6d-3f47-0c04-2bdb-88a9f0e335b6,
2022-05-29 07:08:37.582,,2022-05-29 07:19:29.815,2022-05-29 07:19:29.784,,,1.0,,UTC-0700,BfdGMJKwGJ,com.sec.android.app.shealth,2022-05-29 07:08:43.584,a23d044e-12c9-b6ed-eeea-33c75fe2ca9e,
2022-05-29 08:11:12.747,,2022-05-29 08:11:28.063,2022-05-29 08:11:28.019,,,1.0,,UTC-0700,BfdGMJKwGJ,com.sec.android.app.shealth,2022-05-29 08:11:19.750,961981c4-9c23-3198-7492-bdd2a87cd44d,
2022-05-29 21:43:09.088,,2022-05-29 21:44:31.153,2022-05-29 21:44:31.105,,,1.0,,UTC-0700,BfdGMJKwGJ,com.sec.android.app.shealth,2022-05-29 21:43:20.090,c529dec8-091b-9295-1144-095843475edb,
2022-05-29 21:49:55.705,,2022-05-29 21:55:35.622,2022-05-29 21:50:20.873,,,1.0,,UTC-0700,BfdGMJKwGJ,com.sec.android.app.shealth,2022-05-29 21:50:22.554,735e39d0-1bce-5063-36b9-0ba3868a2047,
2022-05-29 22:11:46.830,,2022-05-29 22:12:28.879,2022-05-29 22:12:28.857,,,1.0,,UTC-0700,BfdGMJKwGJ,com.sec.android.app.shealth,2022-05-29 22:11:56.832,20e91367-89a0-880c-23d2-82491ade2693,
2022-05-29 22:25:40.604,,2022-05-29 22:28:38.645,2022-05-29 22:28:38.608,,,1.0,,UTC-0700,BfdGMJKwGJ,com.sec.android.app.shealth,2022-05-29 22:26:02.606,8a146095-1a2e-2119-61d0-84d3f16f5d8e,
2022-11-05 17:07:58.096,,2022-11-05 17:09:20.216,2022-11-05 17:09:20.176,,,1.0,,UTC-0500,BfdGMJKwGJ,com.sec.android.app.shealth,2022-11-05 17:08:26.098,09cc006e-12af-fad8-a07c-0a53449e4010,
2022-11-05 17:31:23.098,,2022-11-05 17:32:08.052,2022-11-05 17:31:52.119,,,1.0,,UTC-0500,BfdGMJKwGJ,com.sec.android.app.shealth,2022-11-05 17:32:06.021,a216a990-c5cf-0420-fc36-eaef1281fbab,
2022-11-05 17:33:30.283,,2022-11-05 17:34:29.541,2022-11-05 17:33:53.291,,,2.0,,UTC-0500,BfdGMJKwGJ,com.sec.android.app.shealth,2022-11-05 17:34:27.510,cb8a64bb-e4e2-f3c8-ff37-9325bc762598,
2022-11-05 17:38:14.463,,2022-11-05 17:46:04.599,2022-11-05 17:46:04.569,,,1.0,,UTC-0500,BfdGMJKwGJ,com.sec.android.app.shealth,2022-11-05 17:38:39.464,b1dde67c-efb9-7e7b-8c29-1eaf2f40d86b,
2022-11-05 17:50:48.606,,2022-11-05 17:52:48.944,2022-11-05 17:52:48.722,,,3.0,,UTC-0500,BfdGMJKwGJ,com.sec.android.app.shealth,2022-11-05 17:51:54.610,0a78cbe9-cd68-0cd8-cc83-f3b3fe59ba02,
2022-12-07 20:57:32.099,,2022-12-07 21:04:44.424,2022-12-07 21:04:44.369,,,1.0,,UTC-0600,BfdGMJKwGJ,com.sec.android.app.shealth,2022-12-07 20:58:03.101,124706fc-f3db-e7db-6340-99e35b9e6f9e,
2022-12-08 04:40:29.902,,2022-12-08 04:57:54.087,2022-12-08 04:57:54.086,,,1.0,,UTC-0500,BfdGMJKwGJ,com.sec.android.app.shealth,2022-12-08 04:40:57.902,ed74e551-453f-a0ab-6f71-86aba8d4184d,
2022-12-21 20:04:01.540,,2022-12-21 20:33:46.613,2022-12-21 20:33:46.583,,,1.0,,UTC-0700,BfdGMJKwGJ,com.sec.android.app.shealth,2022-12-21 20:04:07.543,bd026553-cced-59d6-8073-83eefe532e74,
2023-01-20 21:29:01.898,,2023-01-20 21:29:52.033,2023-01-20 21:29:52.008,,,1.0,,UTC-0700,BfdGMJKwGJ,com.sec.android.app.shealth,2023-01-20 21:29:17.902,6c7b63b8-c4f6-ef43-f83f-e9e6ab59263c,
2023-01-20 21:30:55.751,,2023-01-20 21:33:47.794,2023-01-20 21:33:47.770,,,1.0,,UTC-0700,BfdGMJKwGJ,com.sec.android.app.shealth,2023-01-20 21:31:15.753,44c1fc25-1f79-a6d0-6cbf-a36f0f8667ae,
2023-01-21 02:51:46.613,,2023-01-21 02:57:56.635,2023-01-21 02:57:56.622,,,1.0,,UTC-0700,BfdGMJKwGJ,com.sec.android.app.shealth,2023-01-21 02:51:59.614,59c30c79-6395-4ea4-8735-700d37898e42,
2023-01-21 05:57:18.911,,2023-01-21 06:02:57.150,2023-01-21 06:02:56.975,,,5.0,,UTC-0700,BfdGMJKwGJ,com.sec.android.app.shealth,2023-01-21 05:58:59.917,6dc29c0f-e79c-5240-36a7-486e8c787346,
2023-01-21 06:15:33.457,,2023-01-21 06:22:22.768,2023-01-21 06:22:22.675,,,1.0,,UTC-0700,BfdGMJKwGJ,com.sec.android.app.shealth,2023-01-21 06:15:48.467,fde76b8f-7e62-ca30-6290-63155ecbd122,
2023-01-21 06:18:23.466,,2023-01-21 06:22:22.850,2023-01-21 06:22:22.806,,,1.0,,UTC-0700,BfdGMJKwGJ,com.sec.android.app.shealth,2023-01-21 06:18:38.468,c52ed11b-9a5e-bce6-d767-ca628eb47a1f,
2023-01-21 06:47:41.585,,2023-01-21 06:50:02.679,2023-01-21 06:50:02.640,,,1.0,,UTC-0700,BfdGMJKwGJ,com.sec.android.app.shealth,2023-01-21 06:47:59.589,79a15a65-cb52-dad8-2da9-f49916d7596e,
2023-02-04 21:51:03.489,,2023-02-04 21:52:33.491,2023-02-04 21:52:33.491,,,1.0,,UTC-0800,BfdGMJKwGJ,com.sec.android.app.shealth,2023-02-04 21:51:10.489,a112304b-cb67-547f-9745-5db91ad11195,
2023-02-05 02:45:37.432,,2023-02-05 02:50:00.588,2023-02-05 02:50:00.560,,,2.0,,UTC-0800,BfdGMJKwGJ,com.sec.android.app.shealth,2023-02-05 02:45:59.447,802d9300-cd88-fcbd-6469-7f8afc2abd75,
2023-05-12 16:26:08.816,,2023-05-12 16:26:35.821,2023-05-12 16:26:35.820,,,1.0,,UTC-0700,BfdGMJKwGJ,com.sec.android.app.shealth,2023-05-12 16:26:13.816,9471eeb3-909d-27ac-c086-90fee6cebfe5,
2023-05-12 16:53:42.410,,2023-05-12 17:18:18.655,2023-05-12 17:18:18.627,,,1.0,,UTC-0700,BfdGMJKwGJ,com.sec.android.app.shealth,2023-05-12 16:53:58.413,8d32c687-5234-e792-bf03-f5e8a744c4de,
2023-05-12 16:55:33.412,,2023-05-12 17:18:18.691,2023-05-12 17:18:18.673,,,1.0,,UTC-0700,BfdGMJKwGJ,com.sec.android.app.shealth,2023-05-12 16:55:43.413,7421602a-b95f-11c3-3f00-252f32cbb93b,
2023-05-12 19:05:30.566,,2023-05-12 19:09:12.687,2023-05-12 19:09:12.626,,,1.0,,UTC-0700,BfdGMJKwGJ,com.sec.android.app.shealth,2023-05-12 19:06:02.569,535e12ef-7c79-7023-4b49-608131faf6b5,
2023-05-14 23:57:48.086,,2023-05-15 00:12:01.189,2023-05-15 00:12:01.152,,,1.0,,UTC-0700,BfdGMJKwGJ,com.sec.android.app.shealth,2023-05-14 23:57:57.089,0648d65d-6acf-4a2f-2a07-98b74f99a15c,
2023-05-15 00:01:15.088,,2023-05-15 00:12:01.239,2023-05-15 00:12:01.205,,,1.0,,UTC-0700,BfdGMJKwGJ,com.sec.android.app.shealth,2023-05-15 00:01:32.090,a9125be2-d688-b956-96f6-442ee4eb47dd,
2023-05-15 00:12:43.559,,2023-05-15 00:26:44.642,2023-05-15 00:26:44.584,,,1.0,,UTC-0700,BfdGMJKwGJ,com.sec.android.app.shealth,2023-05-15 00:13:00.561,2f31b8f5-4c03-b988-ba59-7d9f6fed508e,
2023-06-26 23:13:17.733,,2023-06-26 23:16:58.797,2023-06-26 23:16:58.739,,,1.0,,UTC-0700,BfdGMJKwGJ,com.sec.android.app.shealth,2023-06-26 23:13:42.735,0442a92d-1c2b-8ef6-463f-de3e3fca9967,
2023-08-04 17:13:46.581,,2023-08-04 17:14:57.655,2023-08-04 17:14:57.655,,,1.0,,UTC-0500,BfdGMJKwGJ,com.sec.android.app.shealth,2023-08-04 17:13:54.581,29651164-7377-6af7-f4ed-8cef0b28acdc,
2023-08-11 00:35:26.488,,2023-08-11 00:35:52.537,2023-08-11 00:35:52.496,,,1.0,,UTC-0700,BfdGMJKwGJ,com.sec.android.app.shealth,2023-08-11 00:35:37.490,9182dec5-1f38-17da-1322-c33df56d1c66,
2023-08-11 00:39:40.375,,2023-08-11 00:39:56.416,2023-08-11 00:39:56.379,,,1.0,,UTC-0700,BfdGMJKwGJ,com.sec.android.app.shealth,2023-08-11 00:39:50.377,d2330286-153f-77eb-7661-d615a09d356a,
2023-08-11 15:30:49.812,,2023-08-11 15:31:48.934,2023-08-11 15:31:48.881,,,1.0,,UTC-0700,BfdGMJKwGJ,com.sec.android.app.shealth,2023-08-11 15:30:59.814,7ce460c5-51e1-8121-bcb7-eb1b1ecc1ada,
2023-08-11 17:50:25.850,,2023-08-11 17:51:38.164,2023-08-11 17:51:38.090,,,1.0,,UTC-0700,BfdGMJKwGJ,com.sec.android.app.shealth,2023-08-11 17:50:36.852,42a25d04-cfeb-7dd8-6693-89c80f442ad4,
2023-08-29 10:47:16.763,,2023-08-29 18:15:00.322,2023-08-29 14:23:26.368,,,8.0,,UTC-0700,UfcgbyWV9E,com.sec.android.app.shealth,2023-08-29 18:15:00.268,2db82c05-066c-483c-817b-881006801ad3,
2023-10-11 23:46:44.139,,2023-10-12 02:10:08.515,2023-10-12 01:05:55.287,,,3.0,,UTC-0400,UfcgbyWV9E,com.sec.android.app.shealth,2023-10-12 02:09:54.001,f865cd21-04aa-4d09-af73-93d6092c8f47,
2024-04-22 18:51:43.067,,2024-04-22 22:25:53.637,2024-04-22 22:18:26.565,,,3.0,,UTC-0500,UfcgbyWV9E,com.sec.android.app.shealth,2024-04-22 22:22:54.000,559cbe3c-2519-462f-bd4d-ff0a0628c26f,
