com.samsung.shealth.rewards,6305105,5
number_of_streak,start_time,exercise_type,device_type,exercise_session_id,update_time,create_time,source_pkg_name,program_id,title,time_offset,extra_data,deviceuuid,pkg_name,controller_id,end_time,datauuid,is_visible
,,,,,2021-01-30 23:46:40.624,2020-03-25 20:24:31.044,,,LAST_SLEEP_CHECKING_TIME,,,jBfEgmLJSx,com.sec.android.app.shealth,Sleep.Goal.Temp,2021-01-30 07:00:00.000,b4fb282d-b6d1-4b54-8900-ef3b9d576e6d,-10000,
,2020-03-25 20:24:43.451,,,,2020-03-27 21:04:47.515,2020-03-25 20:24:43.465,,,goal_activity_reward_goal_achieved,UTC-0700,"{""mIsCompleted"":false,""mValue"":143,""mValue2"":60}",jBfEgmLJSx,com.sec.android.app.shealth,goal.activity,2020-03-25 20:24:43.451,01d3fea1-f07d-4c27-8309-b35a0ba5939f,0,
,2019-10-21 20:45:29.977,,,,2019-10-24 01:15:49.442,2019-10-21 20:45:30.018,,,goal_activity_reward_goal_achieved,UTC-0400,"{""mIsCompleted"":true,""mValue"":91,""mValue2"":60}",rkSVQ0chfP,com.sec.android.app.shealth,goal.activity,2019-10-21 20:45:29.977,e578c7fc-b1c1-4999-b41f-53986a1f6ee8,0,
,2019-10-19 03:19:29.985,,,,2019-10-20 19:04:00.782,2019-10-19 03:19:30.048,,,goal_activity_reward_goal_achieved,UTC-0700,"{""mIsCompleted"":true,""mValue"":81,""mValue2"":60}",rkSVQ0chfP,com.sec.android.app.shealth,goal.activity,2019-10-19 03:19:29.985,a7eb5a7b-49a9-4b56-a7ee-e69e36dc35ec,0,
,2019-10-18 01:17:52.233,,,,2019-10-19 03:19:30.034,2019-10-18 01:17:52.447,,,goal_activity_reward_goal_achieved,UTC-0600,"{""mIsCompleted"":false,""mValue"":72,""mValue2"":60}",rkSVQ0chfP,com.sec.android.app.shealth,goal.activity,2019-10-18 01:17:52.233,e00cfe52-58e8-4493-a543-164fe3fe11b1,0,
,2019-10-12 23:50:01.210,,,,2019-10-13 21:33:14.202,2019-10-12 23:50:01.412,,,goal_activity_reward_goal_achieved,UTC-0400,"{""mIsCompleted"":true,""mValue"":74,""mValue2"":60}",rkSVQ0chfP,com.sec.android.app.shealth,goal.activity,2019-10-12 23:50:01.210,46aedd81-2270-41c6-a7b7-99fad1d5ab11,0,
,2019-11-06 05:55:11.590,,,,2019-11-08 05:49:45.303,2019-11-06 05:55:11.656,,,goal_activity_reward_goal_achieved,UTC-0700,"{""mIsCompleted"":true,""mValue"":66,""mValue2"":60}",rkSVQ0chfP,com.sec.android.app.shealth,goal.activity,2019-11-06 05:55:11.590,222a0d18-ddea-4437-ad24-5cb1f43b61a4,0,
,2019-10-12 04:00:00.000,,,,2019-10-13 16:10:04.408,2019-10-13 16:10:04.408,,,tracker_floor_reward_most_floors_climbed,UTC-0400,"{""mTarget"":-1,""mValue"":15.0}",rkSVQ0chfP,com.sec.android.app.shealth,tracker.floor,2019-10-12 04:00:00.000,370c6a86-bd44-415f-b382-48171cdbc6e2,1,
,2019-10-21 04:59:59.999,,,,2019-11-02 03:06:17.722,2019-10-20 22:27:49.982,,,goal_activity_reward_most_active_day,UTC-0500,"{""mIsCompleted"":true,""mValue"":128,""mValue2"":0}",rkSVQ0chfP,com.sec.android.app.shealth,goal.activity,2019-10-21 04:59:59.999,30c1c65b-d72c-45e7-ae52-efecc1603a3d,0,
,2019-10-25 22:22:23.289,,,,2019-10-29 23:22:47.931,2019-10-25 22:22:23.426,,,goal_activity_reward_goal_achieved,UTC-0500,"{""mIsCompleted"":false,""mValue"":79,""mValue2"":60}",rkSVQ0chfP,com.sec.android.app.shealth,goal.activity,2019-10-25 22:22:23.289,5fabf5a7-e3e6-4c23-bc84-64f374a58ed8,0,
,,,,,2021-01-30 23:46:40.624,2019-10-10 02:46:26.654,,,LAST_SLEEP_CHECKING_TIME,,,rkSVQ0chfP,com.sec.android.app.shealth,Sleep.Goal.Temp,2021-01-30 07:00:00.000,7ade3584-65d9-4aee-ab49-d6dc6d3c29a6,-10000,
,2019-11-02 06:59:59.999,,,,2019-11-02 09:16:38.252,2019-11-02 03:06:17.744,,,goal_activity_reward_most_active_day,UTC-0700,"{""mIsCompleted"":true,""mValue"":165,""mValue2"":0}",rkSVQ0chfP,com.sec.android.app.shealth,goal.activity,2019-11-02 06:59:59.999,8f5c6b21-308c-4ea0-ae25-4d8232eba7f1,1,
,2019-11-08 05:49:45.292,,,,2020-03-25 20:25:23.079,2019-11-08 05:49:45.306,,,goal_activity_reward_goal_achieved,UTC-0700,"{""mIsCompleted"":true,""mValue"":77,""mValue2"":60}",jBfEgmLJSx,com.sec.android.app.shealth,goal.activity,2019-11-08 05:49:45.292,71479355-85d1-499b-b976-e028ac0a2027,0,
,2019-10-20 19:04:00.743,,,,2019-10-21 20:45:30.003,2019-10-20 19:04:00.807,,,goal_activity_reward_goal_achieved,UTC-0500,"{""mIsCompleted"":true,""mValue"":128,""mValue2"":60}",rkSVQ0chfP,com.sec.android.app.shealth,goal.activity,2019-10-20 19:04:00.743,807378a2-332d-4962-b1de-9e4a184ba1e7,0,
,2019-10-25 01:35:01.001,,,,2019-10-25 22:22:23.382,2019-10-25 01:35:01.090,,,goal_activity_reward_goal_achieved,UTC-0500,"{""mIsCompleted"":false,""mValue"":90,""mValue2"":60}",rkSVQ0chfP,com.sec.android.app.shealth,goal.activity,2019-10-25 01:35:01.001,464f82c2-d3a3-42f9-bb3a-311fd6dfde20,0,
,2019-11-02 06:59:59.999,,,,2019-11-06 05:55:11.626,2019-11-01 22:58:18.450,,,goal_activity_reward_goal_achieved,UTC-0700,"{""mIsCompleted"":true,""mValue"":165,""mValue2"":60}",rkSVQ0chfP,com.sec.android.app.shealth,goal.activity,2019-11-02 06:59:59.999,74397d25-462d-4bad-bdaa-79ebb29fe59a,0,
,2019-10-13 21:33:14.092,,,,2019-10-18 01:17:52.425,2019-10-13 21:33:14.215,,,goal_activity_reward_goal_achieved,UTC-0400,"{""mIsCompleted"":true,""mValue"":81,""mValue2"":60}",rkSVQ0chfP,com.sec.android.app.shealth,goal.activity,2019-10-13 21:33:14.092,338c32b6-5e58-418c-8d22-bf7bcb0b5415,0,
,2019-10-12 05:00:00.000,,,,2020-04-23 19:22:16.675,2019-10-13 16:10:04.495,,,tracker_floor_reward_target_achieved,UTC-0500,"{""mTarget"":10,""mValue"":15.0}",rkSVQ0chfP,com.sec.android.app.shealth,tracker.floor,2019-10-12 05:00:00.000,9b0e5cf3-0647-41ff-b9e2-d5382c03d745,1,
,2019-11-01 00:05:23.277,,,,2019-11-01 22:58:18.447,2019-11-01 00:05:23.316,,,goal_activity_reward_goal_achieved,UTC-0700,"{""mIsCompleted"":true,""mValue"":72,""mValue2"":60}",rkSVQ0chfP,com.sec.android.app.shealth,goal.activity,2019-11-01 00:05:23.277,f7fc786b-762a-4e83-b6a5-1e554af3a928,0,
,2019-10-29 23:22:47.920,,,,2019-11-01 00:05:23.309,2019-10-29 23:22:47.937,,,goal_activity_reward_goal_achieved,UTC-0700,"{""mIsCompleted"":true,""mValue"":85,""mValue2"":60}",rkSVQ0chfP,com.sec.android.app.shealth,goal.activity,2019-10-29 23:22:47.920,25fe4395-41f5-42ec-9c9e-433b5404062c,0,
,2019-10-24 01:15:49.429,,,,2019-10-25 01:35:01.051,2019-10-24 01:15:49.446,,,goal_activity_reward_goal_achieved,UTC-0400,"{""mIsCompleted"":true,""mValue"":74,""mValue2"":60}",rkSVQ0chfP,com.sec.android.app.shealth,goal.activity,2019-10-24 01:15:49.429,66d1a5fb-f3ad-40c5-9f6e-5f577c569294,0,
,2020-03-25 07:00:00.000,,1899999,,2020-03-25 20:25:34.039,2020-03-25 20:25:20.809,,,tracker_pedometer_reward_target_achieved,UTC-0700,"{""mTarget"":6000,""mValue"":8201}",jBfEgmLJSx,com.sec.android.app.shealth,tracker.pedometer,2020-03-25 07:00:00.000,e077de95-6414-488d-9d9b-30c81c124f95,1,
,2019-10-13 07:00:00.000,,10009,,2020-03-25 20:25:34.297,2020-03-25 20:25:34.297,,,tracker_pedometer_reward_target_achieved,UTC-0700,"{""mTarget"":6000,""mValue"":6319}",jBfEgmLJSx,com.sec.android.app.shealth,tracker.pedometer,2019-10-13 07:00:00.000,13ac4075-223f-46ef-a2d8-ec51808a3f21,1,
,2019-10-20 07:00:00.000,,10009,,2020-03-25 20:25:34.297,2020-03-25 20:25:34.297,,,tracker_pedometer_reward_target_achieved,UTC-0700,"{""mTarget"":6000,""mValue"":9177}",jBfEgmLJSx,com.sec.android.app.shealth,tracker.pedometer,2019-10-20 07:00:00.000,f065390a-3007-41f0-a236-6adca0b79fbb,1,
,2019-10-24 07:00:00.000,,10009,,2020-03-25 20:25:34.297,2020-03-25 20:25:34.297,,,tracker_pedometer_reward_target_achieved,UTC-0700,"{""mTarget"":6000,""mValue"":6523}",jBfEgmLJSx,com.sec.android.app.shealth,tracker.pedometer,2019-10-24 07:00:00.000,d1d54f9c-a3ae-49c2-988c-8d28169f699e,1,
,2019-10-21 07:00:00.000,,1899999,,2020-03-25 20:25:34.301,2020-03-25 20:25:34.301,,,tracker_pedometer_reward_target_achieved,UTC-0700,"{""mTarget"":6000,""mValue"":7260}",jBfEgmLJSx,com.sec.android.app.shealth,tracker.pedometer,2019-10-21 07:00:00.000,d4089ccc-50af-4696-8ee7-3053ee0ca725,1,
,2019-10-29 07:00:00.000,,1899999,,2020-03-25 20:25:34.301,2020-03-25 20:25:34.301,,,tracker_pedometer_reward_target_achieved,UTC-0700,"{""mTarget"":6000,""mValue"":6828}",jBfEgmLJSx,com.sec.android.app.shealth,tracker.pedometer,2019-10-29 07:00:00.000,e10fc80e-0679-4932-884b-658c9a5a6b44,1,
,2019-10-31 07:00:00.000,,1899999,,2020-03-25 20:25:34.301,2020-03-25 20:25:34.301,,,tracker_pedometer_reward_target_achieved,UTC-0700,"{""mTarget"":6000,""mValue"":6099}",jBfEgmLJSx,com.sec.android.app.shealth,tracker.pedometer,2019-10-31 07:00:00.000,2a79ae63-a315-48bc-acb9-4b1fc1fe0a26,1,
,2019-11-01 07:00:00.000,,1899999,,2020-03-25 20:25:34.301,2020-03-25 20:25:34.301,,,tracker_pedometer_reward_target_achieved,UTC-0700,"{""mTarget"":6000,""mValue"":13863}",jBfEgmLJSx,com.sec.android.app.shealth,tracker.pedometer,2019-11-01 07:00:00.000,c062f71b-36b0-4188-9ffa-d879fea45481,1,
,2020-03-25 05:00:00.000,,1899999,,2020-04-22 00:35:43.348,2020-03-25 20:25:34.301,,,tracker_pedometer_reward_target_achieved,UTC-0500,"{""mTarget"":6000,""mValue"":8980}",jBfEgmLJSx,com.sec.android.app.shealth,tracker.pedometer,2020-03-25 05:00:00.000,6ffa97e9-0849-44e0-bc33-08f95630c16f,1,
,2019-11-01 07:00:00.000,,1899999,,2020-03-25 20:25:34.301,2020-03-25 20:25:34.301,,,tracker_pedometer_reward_most_walking_day,UTC-0700,"{""mTarget"":-1,""mValue"":13863}",jBfEgmLJSx,com.sec.android.app.shealth,tracker.pedometer,2019-11-01 07:00:00.000,263645a5-ea99-4cda-a997-e828c2fedcd3,1,
,2019-11-01 07:00:00.000,,1899999,,2020-03-25 20:25:34.302,2020-03-25 20:25:34.302,,,tracker_pedometer_reward_most_walking_day,UTC-0700,"{""mTarget"":-1,""mValue"":13863}",jBfEgmLJSx,com.sec.android.app.shealth,tracker.pedometer,2019-11-01 07:00:00.000,6e5a9e1b-60bc-445d-9951-31459f178caf,1,
,2020-03-27 05:00:00.000,,1899999,,2020-04-24 04:55:14.695,2020-03-27 21:04:46.097,,,tracker_pedometer_reward_target_achieved,UTC-0500,"{""mTarget"":6000,""mValue"":9738}",jBfEgmLJSx,com.sec.android.app.shealth,tracker.pedometer,2020-03-27 05:00:00.000,7493cd47-981e-4080-b1dc-5154995f7b55,1,
,2020-03-27 21:04:47.485,,,,2020-03-28 23:33:21.686,2020-03-27 21:04:47.538,,,goal_activity_reward_goal_achieved,UTC-0700,"{""mIsCompleted"":false,""mValue"":110,""mValue2"":60}",jBfEgmLJSx,com.sec.android.app.shealth,goal.activity,2020-03-27 21:04:47.485,03a43404-9f2c-4fdc-88f3-159217479cb5,0,
,2020-03-27 07:00:00.000,,10009,,2020-04-02 07:00:00.596,2020-03-28 02:37:04.187,,,tracker_pedometer_reward_target_achieved,UTC-0700,"{""mTarget"":6000,""mValue"":7524}",jBfEgmLJSx,com.sec.android.app.shealth,tracker.pedometer,2020-03-27 07:00:00.000,9def0702-386c-4628-9ad9-d25f9abf9cab,1,
,2020-03-28 23:33:21.678,,,,2020-03-29 23:15:02.609,2020-03-28 23:33:21.697,,,goal_activity_reward_goal_achieved,UTC-0700,"{""mIsCompleted"":false,""mValue"":68,""mValue2"":60}",jBfEgmLJSx,com.sec.android.app.shealth,goal.activity,2020-03-28 23:33:21.678,e271e3e8-fee8-48bc-a65c-5025054391af,0,
,2020-03-29 23:15:02.573,,,,2020-04-01 05:55:22.044,2020-03-29 23:15:02.619,,,goal_activity_reward_goal_achieved,UTC-0700,"{""mIsCompleted"":false,""mValue"":111,""mValue2"":60}",jBfEgmLJSx,com.sec.android.app.shealth,goal.activity,2020-03-29 23:15:02.573,3a7d45b6-1802-4ac7-bbbc-3e57bf462e4b,0,
,2020-03-29 06:00:00.000,,1899999,,2020-04-26 04:22:22.340,2020-03-29 23:22:21.748,,,tracker_pedometer_reward_target_achieved,UTC-0600,"{""mTarget"":6000,""mValue"":8842}",jBfEgmLJSx,com.sec.android.app.shealth,tracker.pedometer,2020-03-29 06:00:00.000,16946824-0ebf-467d-a76b-396ffb101ae3,1,
,2020-03-29 07:00:00.000,,10009,,2020-04-04 07:39:44.211,2020-03-29 23:22:22.695,,,tracker_pedometer_reward_target_achieved,UTC-0700,"{""mTarget"":6000,""mValue"":8445}",jBfEgmLJSx,com.sec.android.app.shealth,tracker.pedometer,2020-03-29 07:00:00.000,a331d8e8-7d3f-404b-a787-089f8b842c9b,1,
,2020-04-01 05:55:22.039,,,,2020-04-01 07:02:58.052,2020-04-01 05:55:22.045,,,goal_activity_reward_goal_achieved,UTC-0700,"{""mIsCompleted"":true,""mValue"":73,""mValue2"":60}",jBfEgmLJSx,com.sec.android.app.shealth,goal.activity,2020-04-01 05:55:22.039,96b387d3-837b-4910-a5e4-3003e9c59eb3,0,
,2020-03-31 05:00:00.000,,1899999,,2020-04-28 02:15:08.066,2020-04-01 07:02:56.696,,,tracker_pedometer_reward_target_achieved,UTC-0500,"{""mTarget"":6000,""mValue"":6251}",jBfEgmLJSx,com.sec.android.app.shealth,tracker.pedometer,2020-03-31 05:00:00.000,8f0a23aa-95cf-44ad-9a21-cc2b15617495,1,
,2020-04-01 09:41:00.601,,,,2020-04-02 23:30:41.984,2020-04-01 09:41:00.634,,,goal_activity_reward_goal_achieved,UTC-0700,"{""mIsCompleted"":true,""mValue"":158,""mValue2"":60}",jBfEgmLJSx,com.sec.android.app.shealth,goal.activity,2020-04-01 09:41:00.601,8eb99f87-5f0f-4218-9217-f06039f47ba2,0,
,2020-04-01 05:00:00.000,,1899999,,2020-04-28 23:59:35.928,2020-04-01 10:12:50.075,,,tracker_pedometer_reward_target_achieved,UTC-0500,"{""mTarget"":6000,""mValue"":13334}",jBfEgmLJSx,com.sec.android.app.shealth,tracker.pedometer,2020-04-01 05:00:00.000,ccbac571-c6c5-4a23-82cf-7e6aa216aefd,1,
,2020-04-01 07:00:00.000,,10009,,2020-04-07 07:07:27.791,2020-04-01 19:03:23.320,,,tracker_pedometer_reward_target_achieved,UTC-0700,"{""mTarget"":6000,""mValue"":11268}",jBfEgmLJSx,com.sec.android.app.shealth,tracker.pedometer,2020-04-01 07:00:00.000,a287e8dc-9719-4cc1-8f21-93765dd8e5d6,1,
,2020-04-01 07:00:00.000,,10009,,2020-04-02 07:00:00.635,2020-04-01 20:13:17.140,,,tracker_pedometer_reward_most_walking_day,UTC-0700,"{""mTarget"":-1,""mValue"":11268}",jBfEgmLJSx,com.sec.android.app.shealth,tracker.pedometer,2020-04-01 07:00:00.000,0b8dd227-53e6-4c7d-82ba-f81b8071f7d8,1,
,2020-04-02 23:30:41.980,,,,2020-04-04 02:22:42.087,2020-04-02 23:30:41.998,,,goal_activity_reward_goal_achieved,UTC-0700,"{""mIsCompleted"":true,""mValue"":150,""mValue2"":60}",jBfEgmLJSx,com.sec.android.app.shealth,goal.activity,2020-04-02 23:30:41.980,56da3194-1807-4e1e-b707-8e5c6cb23707,0,
,2020-04-02 07:00:00.000,,10009,,2020-04-08 07:04:39.937,2020-04-03 00:32:37.825,,,tracker_pedometer_reward_target_achieved,UTC-0700,"{""mTarget"":6000,""mValue"":9017}",jBfEgmLJSx,com.sec.android.app.shealth,tracker.pedometer,2020-04-02 07:00:00.000,0b63128a-dbe9-4168-82e0-6a26df850c1a,1,
,2020-04-02 07:00:00.000,,1899999,,2020-04-29 18:56:07.285,2020-04-03 01:57:31.998,,,tracker_pedometer_reward_target_achieved,UTC-0700,"{""mTarget"":6000,""mValue"":8273}",jBfEgmLJSx,com.sec.android.app.shealth,tracker.pedometer,2020-04-02 07:00:00.000,f6d23c56-f6b7-46ca-9e23-e2fce4c8dd10,1,
,2020-04-04 02:22:42.085,,,,2020-04-04 21:15:31.631,2020-04-04 02:22:42.090,,,goal_activity_reward_goal_achieved,UTC-0700,"{""mIsCompleted"":true,""mValue"":83,""mValue2"":60}",jBfEgmLJSx,com.sec.android.app.shealth,goal.activity,2020-04-04 02:22:42.085,d14d4e30-265e-4229-8e19-18c71f94cb36,0,
,2020-04-03 06:00:00.000,,1899999,,2020-05-01 04:15:27.798,2020-04-04 05:23:24.329,,,tracker_pedometer_reward_target_achieved,UTC-0600,"{""mTarget"":6000,""mValue"":6984}",jBfEgmLJSx,com.sec.android.app.shealth,tracker.pedometer,2020-04-03 06:00:00.000,05462229-e709-4aaf-95e2-bedb432a4554,1,
,2020-04-04 21:15:31.618,,,,2020-04-06 18:49:39.885,2020-04-04 21:15:31.640,,,goal_activity_reward_goal_achieved,UTC-0700,"{""mIsCompleted"":true,""mValue"":147,""mValue2"":60}",jBfEgmLJSx,com.sec.android.app.shealth,goal.activity,2020-04-04 21:15:31.618,6a51592a-0597-4b0b-af95-7be265937dcb,0,
,2020-04-04 05:00:00.000,,1899999,,2020-05-02 02:58:42.454,2020-04-04 21:44:44.183,,,tracker_pedometer_reward_target_achieved,UTC-0500,"{""mTarget"":6000,""mValue"":12448}",jBfEgmLJSx,com.sec.android.app.shealth,tracker.pedometer,2020-04-04 05:00:00.000,5825feeb-1205-4bf5-a44a-5bb7298bad50,1,
,2020-04-04 07:00:00.000,,10009,,2020-04-10 07:00:02.062,2020-04-05 01:19:10.156,,,tracker_pedometer_reward_target_achieved,UTC-0700,"{""mTarget"":6000,""mValue"":6930}",jBfEgmLJSx,com.sec.android.app.shealth,tracker.pedometer,2020-04-04 07:00:00.000,6259334b-8050-44ff-8552-8e020871bbe0,1,
,2020-04-07 01:13:31.282,,,,2020-04-14 00:55:07.971,2020-04-07 01:13:31.330,,,goal_activity_reward_goal_achieved,UTC-0700,"{""mIsCompleted"":false,""mValue"":92,""mValue2"":60}",jBfEgmLJSx,com.sec.android.app.shealth,goal.activity,2020-04-07 01:13:31.282,0c255942-00e5-413a-babb-a97b4a4a6003,0,
,2020-04-06 06:00:00.000,,1899999,,2020-05-03 22:24:25.392,2020-04-07 06:15:05.084,,,tracker_pedometer_reward_target_achieved,UTC-0600,"{""mTarget"":6000,""mValue"":6646}",jBfEgmLJSx,com.sec.android.app.shealth,tracker.pedometer,2020-04-06 06:00:00.000,a2110339-fada-4af9-aec6-8e04e18146a0,1,
,2020-04-14 00:55:07.953,,,,2020-04-14 08:15:05.771,2020-04-14 00:55:07.973,,,goal_activity_reward_goal_achieved,UTC-0700,"{""mIsCompleted"":true,""mValue"":71,""mValue2"":60}",jBfEgmLJSx,com.sec.android.app.shealth,goal.activity,2020-04-14 00:55:07.953,94c34758-867c-4ba4-97ed-8418cb05824e,0,
,2020-04-14 22:53:56.367,,,,2020-04-16 23:56:43.336,2020-04-14 22:53:56.400,,,goal_activity_reward_goal_achieved,UTC-0700,"{""mIsCompleted"":true,""mValue"":102,""mValue2"":60}",jBfEgmLJSx,com.sec.android.app.shealth,goal.activity,2020-04-14 22:53:56.367,68206b49-9481-473d-bd06-b47be7f54656,0,
,2020-04-14 04:00:00.000,,1899999,,2020-05-11 04:52:48.029,2020-04-14 23:55:05.271,,,tracker_pedometer_reward_target_achieved,UTC-0400,"{""mTarget"":6000,""mValue"":8735}",jBfEgmLJSx,com.sec.android.app.shealth,tracker.pedometer,2020-04-14 04:00:00.000,d16fca33-2ec8-4d94-9024-84e5b08c2b49,1,
,2020-04-14 05:00:00.000,,10009,,2020-04-20 05:00:01.306,2020-04-15 04:15:06.993,,,tracker_pedometer_reward_target_achieved,UTC-0500,"{""mTarget"":6000,""mValue"":6087}",jBfEgmLJSx,com.sec.android.app.shealth,tracker.pedometer,2020-04-14 05:00:00.000,a2e6f621-9fe6-4e51-96a8-b7cd1f44fab2,1,
,2020-04-16 23:56:27.785,,,,2020-04-25 20:21:07.453,2020-04-16 23:56:43.344,,,goal_activity_reward_goal_achieved,UTC-0700,"{""mIsCompleted"":false,""mValue"":93,""mValue2"":60}",jBfEgmLJSx,com.sec.android.app.shealth,goal.activity,2020-04-16 23:56:27.785,46328ee6-1537-4c9f-ab10-4aa13f25fa82,0,
,2020-04-16 04:00:00.000,,1899999,,2020-05-14 02:35:13.962,2020-04-17 00:49:31.810,,,tracker_pedometer_reward_target_achieved,UTC-0400,"{""mTarget"":6000,""mValue"":7685}",jBfEgmLJSx,com.sec.android.app.shealth,tracker.pedometer,2020-04-16 04:00:00.000,d2a7f982-61f4-4444-94d9-da29636a1191,1,
,2020-04-16 05:00:00.000,,10009,,2020-04-22 05:00:02.571,2020-04-17 06:15:06.893,,,tracker_pedometer_reward_target_achieved,UTC-0500,"{""mTarget"":6000,""mValue"":6028}",jBfEgmLJSx,com.sec.android.app.shealth,tracker.pedometer,2020-04-16 05:00:00.000,394caeb4-ddd9-46dc-80d6-09f7386eef44,1,
,2020-04-23 05:00:00.000,,,,2020-04-23 19:22:16.700,2020-04-23 19:22:16.700,,,tracker_floor_reward_target_achieved,UTC-0500,"{""mTarget"":10,""mValue"":14.0}",jBfEgmLJSx,com.sec.android.app.shealth,tracker.floor,2020-04-23 05:00:00.000,67d89954-7416-41ab-9daa-9bc8b0e868c8,1,
,2020-04-25 20:21:07.425,,,,2020-04-26 23:29:30.630,2020-04-25 20:21:07.459,,,goal_activity_reward_goal_achieved,UTC-0500,"{""mIsCompleted"":true,""mValue"":90,""mValue2"":60}",jBfEgmLJSx,com.sec.android.app.shealth,goal.activity,2020-04-25 20:21:07.425,3bb6ac73-2f41-4f7e-8dae-e0e235d0ff95,0,
,2020-04-25 05:00:00.000,,1899999,,2020-05-21 18:54:28.761,2020-04-25 21:31:10.288,,,tracker_pedometer_reward_target_achieved,UTC-0500,"{""mTarget"":6000,""mValue"":8108}",jBfEgmLJSx,com.sec.android.app.shealth,tracker.pedometer,2020-04-25 05:00:00.000,5cb5f6f9-2be7-4dff-a78b-982fd174ba87,1,
,2020-04-26 23:29:30.598,,,,2020-05-01 22:38:01.140,2020-04-26 23:29:30.648,,,goal_activity_reward_goal_achieved,UTC-0500,"{""mIsCompleted"":true,""mValue"":76,""mValue2"":60}",jBfEgmLJSx,com.sec.android.app.shealth,goal.activity,2020-04-26 23:29:30.598,066ac97f-e629-47c5-9a8c-17bfd4851269,0,
,2020-05-01 22:38:01.128,,,,2020-05-02 21:26:59.147,2020-05-01 22:38:01.142,,,goal_activity_reward_goal_achieved,UTC-0500,"{""mIsCompleted"":false,""mValue"":71,""mValue2"":60}",jBfEgmLJSx,com.sec.android.app.shealth,goal.activity,2020-05-01 22:38:01.128,f9a686a8-9fbd-4453-8292-58378b71daac,0,
,2020-05-02 21:26:59.132,,,,2020-05-06 21:04:07.303,2020-05-02 21:26:59.154,,,goal_activity_reward_goal_achieved,UTC-0600,"{""mIsCompleted"":true,""mValue"":95,""mValue2"":60}",jBfEgmLJSx,com.sec.android.app.shealth,goal.activity,2020-05-02 21:26:59.132,6f923d7e-c676-484d-a7bf-206c2b7bc54c,0,
,2020-05-02 05:00:00.000,,1899999,,2020-05-30 04:42:10.358,2020-05-02 23:54:50.621,,,tracker_pedometer_reward_target_achieved,UTC-0500,"{""mTarget"":6000,""mValue"":6871}",jBfEgmLJSx,com.sec.android.app.shealth,tracker.pedometer,2020-05-02 05:00:00.000,ce829cbb-baa7-4c1c-baee-d0a928e6aa80,1,
,2020-05-06 21:04:07.288,,,,2020-05-09 18:22:13.308,2020-05-06 21:04:07.304,,,goal_activity_reward_goal_achieved,UTC-0500,"{""mIsCompleted"":true,""mValue"":88,""mValue2"":60}",jBfEgmLJSx,com.sec.android.app.shealth,goal.activity,2020-05-06 21:04:07.288,506f18b1-c136-4757-91a9-05aff22fa1e5,0,
,2020-05-09 03:59:59.999,,,,2020-05-09 20:02:23.394,2020-05-09 18:22:13.332,,,goal_activity_reward_goal_achieved,UTC-0400,"{""mIsCompleted"":true,""mValue"":60,""mValue2"":60}",jBfEgmLJSx,com.sec.android.app.shealth,goal.activity,2020-05-09 03:59:59.999,4e9c213b-c81a-463f-b8ab-5e72d5f22d81,0,
,2020-05-09 20:02:23.374,,,,2020-05-13 03:40:59.871,2020-05-09 20:02:23.399,,,goal_activity_reward_goal_achieved,UTC-0400,"{""mIsCompleted"":false,""mValue"":115,""mValue2"":60}",jBfEgmLJSx,com.sec.android.app.shealth,goal.activity,2020-05-09 20:02:23.374,3a170a83-1a38-45a8-b41b-27d29ef9e6ae,0,
,2020-05-09 06:00:00.000,,1899999,,2020-06-03 02:28:43.278,2020-05-09 21:11:52.228,,,tracker_pedometer_reward_target_achieved,UTC-0600,"{""mTarget"":6000,""mValue"":10207}",jBfEgmLJSx,com.sec.android.app.shealth,tracker.pedometer,2020-05-09 06:00:00.000,5dcb2c01-e7e9-41fe-ba89-e63ceca7a480,1,
,2020-05-09 05:00:00.000,,10009,,2020-05-15 05:00:02.281,2020-05-09 21:42:31.728,,,tracker_pedometer_reward_target_achieved,UTC-0500,"{""mTarget"":6000,""mValue"":8304}",jBfEgmLJSx,com.sec.android.app.shealth,tracker.pedometer,2020-05-09 05:00:00.000,d81b131e-46ae-4d5a-b392-ee73c9be5e5e,1,
,2020-05-13 03:40:59.858,,,,2020-05-13 23:33:06.014,2020-05-13 03:40:59.879,,,goal_activity_reward_goal_achieved,UTC-0400,"{""mIsCompleted"":true,""mValue"":66,""mValue2"":60}",jBfEgmLJSx,com.sec.android.app.shealth,goal.activity,2020-05-13 03:40:59.858,6051a514-d247-42ba-a974-284b55e5d94a,0,
,2020-05-13 23:33:05.992,,,,2020-05-19 06:55:14.194,2020-05-13 23:33:06.016,,,goal_activity_reward_goal_achieved,UTC-0400,"{""mIsCompleted"":false,""mValue"":62,""mValue2"":60}",jBfEgmLJSx,com.sec.android.app.shealth,goal.activity,2020-05-13 23:33:05.992,aee5c555-9bd7-4bfe-92ff-2f73a671db64,0,
,2020-05-19 04:59:59.999,,,,2020-05-21 02:15:36.851,2020-05-19 06:55:14.203,,,goal_activity_reward_goal_achieved,UTC-0500,"{""mIsCompleted"":true,""mValue"":60,""mValue2"":60}",jBfEgmLJSx,com.sec.android.app.shealth,goal.activity,2020-05-19 04:59:59.999,d5560c35-69e9-4781-80e8-134469c03ecb,0,
,2020-05-21 02:15:36.836,,,,2020-05-22 21:28:54.558,2020-05-21 02:15:36.852,,,goal_activity_reward_goal_achieved,UTC-0600,"{""mIsCompleted"":true,""mValue"":77,""mValue2"":60}",jBfEgmLJSx,com.sec.android.app.shealth,goal.activity,2020-05-21 02:15:36.836,04b31c68-4ec4-4336-be70-be32083129c7,0,
,2020-05-20 07:00:00.000,,1899999,,2020-06-17 05:06:21.704,2020-05-21 02:35:08.099,,,tracker_pedometer_reward_target_achieved,UTC-0700,"{""mTarget"":6000,""mValue"":6950}",jBfEgmLJSx,com.sec.android.app.shealth,tracker.pedometer,2020-05-20 07:00:00.000,9b17b44f-b1c3-4000-8f29-c487ceff3d97,1,
,2020-05-22 21:28:54.538,,,,2020-06-10 12:48:59.812,2020-05-22 21:28:54.567,,,goal_activity_reward_goal_achieved,UTC-0500,"{""mIsCompleted"":false,""mValue"":71,""mValue2"":60}",jBfEgmLJSx,com.sec.android.app.shealth,goal.activity,2020-05-22 21:28:54.538,e3e10700-c874-42c9-b354-39be64d3ae36,0,
,2020-05-22 05:00:00.000,,10009,,2020-05-28 05:00:00.664,2020-05-23 05:00:02.337,,,tracker_pedometer_reward_target_achieved,UTC-0500,"{""mTarget"":6000,""mValue"":6540}",jBfEgmLJSx,com.sec.android.app.shealth,tracker.pedometer,2020-05-22 05:00:00.000,da4e4a3e-fe54-4b1c-859c-a986f326f9ec,1,
,2020-06-03 03:59:59.999,,,,2020-06-11 02:15:44.771,2020-06-10 12:48:59.815,,,goal_activity_reward_goal_achieved,UTC-0400,"{""mIsCompleted"":true,""mValue"":60,""mValue2"":60}",jBfEgmLJSx,com.sec.android.app.shealth,goal.activity,2020-06-03 03:59:59.999,c4fc7782-85ce-4dcf-9e5e-6f1ecdc460f7,0,
,2020-06-11 02:15:44.753,,,,2020-06-11 05:16:28.842,2020-06-11 02:15:44.777,,,goal_activity_reward_goal_achieved,UTC-0500,"{""mIsCompleted"":true,""mValue"":67,""mValue2"":60}",jBfEgmLJSx,com.sec.android.app.shealth,goal.activity,2020-06-11 02:15:44.753,7cd9957b-6fc4-4f58-a5ad-b5bdc2cf9deb,0,
,2020-06-11 16:55:14.091,,,,2020-06-22 16:16:00.614,2020-06-11 16:55:14.115,,,goal_activity_reward_goal_achieved,UTC-0600,"{""mIsCompleted"":true,""mValue"":80,""mValue2"":60}",jBfEgmLJSx,com.sec.android.app.shealth,goal.activity,2020-06-11 16:55:14.091,064a13dd-e761-4e57-9e36-2ca02f0677f3,0,
,2020-06-11 07:00:00.000,,1899999,,2020-07-05 04:57:49.617,2020-06-12 03:11:59.312,,,tracker_pedometer_reward_target_achieved,UTC-0700,"{""mTarget"":6000,""mValue"":6124}",jBfEgmLJSx,com.sec.android.app.shealth,tracker.pedometer,2020-06-11 07:00:00.000,c8344aba-5ed9-4d63-8d9d-1b93ecea8212,1,
,2020-06-22 16:16:00.591,,,,2020-07-02 03:50:04.830,2020-06-22 16:16:00.628,,,goal_activity_reward_goal_achieved,UTC-0500,"{""mIsCompleted"":true,""mValue"":148,""mValue2"":60}",jBfEgmLJSx,com.sec.android.app.shealth,goal.activity,2020-06-22 16:16:00.591,704a5bbf-aecf-486b-a3f6-d3c7ef4c90c3,0,
,2020-06-22 04:00:00.000,,1899999,,2020-07-10 04:35:35.909,2020-06-22 16:33:44.298,,,tracker_pedometer_reward_target_achieved,UTC-0400,"{""mTarget"":6000,""mValue"":13182}",jBfEgmLJSx,com.sec.android.app.shealth,tracker.pedometer,2020-06-22 04:00:00.000,5b01bf80-5702-4da5-bc58-61fdddc929ec,1,
,2020-06-22 05:00:00.000,,10009,,2020-06-28 05:00:00.831,2020-06-22 17:58:31.423,,,tracker_pedometer_reward_target_achieved,UTC-0500,"{""mTarget"":6000,""mValue"":9477}",jBfEgmLJSx,com.sec.android.app.shealth,tracker.pedometer,2020-06-22 05:00:00.000,8918ee67-a461-4953-a3d6-2b7fdc5f19d1,1,
,2020-07-02 03:50:04.816,,,,2020-07-02 22:48:00.746,2020-07-02 03:50:04.832,,,goal_activity_reward_goal_achieved,UTC-0700,"{""mIsCompleted"":false,""mValue"":68,""mValue2"":60}",jBfEgmLJSx,com.sec.android.app.shealth,goal.activity,2020-07-02 03:50:04.816,b6dc789b-a51d-4432-8e49-aef9caefb1d7,0,
,2020-07-01 04:00:00.000,,1899999,,2020-07-10 04:35:35.994,2020-07-02 06:55:06.736,,,tracker_pedometer_reward_target_achieved,UTC-0400,"{""mTarget"":6000,""mValue"":6006}",jBfEgmLJSx,com.sec.android.app.shealth,tracker.pedometer,2020-07-01 04:00:00.000,8c0b5165-69a4-407d-9c29-bc508cc5605c,1,
,2020-07-02 22:48:00.717,,,,2020-07-14 03:43:12.420,2020-07-02 22:48:00.760,,,goal_activity_reward_goal_achieved,UTC-0700,"{""mIsCompleted"":false,""mValue"":80,""mValue2"":60}",jBfEgmLJSx,com.sec.android.app.shealth,goal.activity,2020-07-02 22:48:00.717,54338002-a861-4864-aac1-583138a8b4a1,0,
,2020-07-02 04:00:00.000,,1899999,,2020-07-10 04:35:35.998,2020-07-03 05:00:27.656,,,tracker_pedometer_reward_target_achieved,UTC-0400,"{""mTarget"":6000,""mValue"":6894}",jBfEgmLJSx,com.sec.android.app.shealth,tracker.pedometer,2020-07-02 04:00:00.000,82da079b-7160-41ec-9184-6da1d09852c8,1,
,2020-07-14 03:43:12.404,,,,2020-08-06 15:35:17.233,2020-07-14 03:43:12.425,,,goal_activity_reward_goal_achieved,UTC-0500,"{""mIsCompleted"":true,""mValue"":80,""mValue2"":60}",jBfEgmLJSx,com.sec.android.app.shealth,goal.activity,2020-07-14 03:43:12.404,58b2fa35-9a5a-4b17-9bfa-58dab66c11b4,0,
,2020-07-13 05:00:00.000,,1899999,,2020-07-19 05:00:03.331,2020-07-14 06:00:04.382,,,tracker_pedometer_reward_target_achieved,UTC-0500,"{""mTarget"":6000,""mValue"":7401}",jBfEgmLJSx,com.sec.android.app.shealth,tracker.pedometer,2020-07-13 05:00:00.000,97551484-adc0-4b02-9123-0822968d2c29,1,
,2020-08-06 15:35:17.208,,,,2020-08-09 19:16:26.297,2020-08-06 15:35:17.238,,,goal_activity_reward_goal_achieved,UTC-0500,"{""mIsCompleted"":true,""mValue"":111,""mValue2"":60}",jBfEgmLJSx,com.sec.android.app.shealth,goal.activity,2020-08-06 15:35:17.208,fa78b3e5-ad0c-4f79-b143-3b1919aed40d,0,
,2020-08-06 06:00:00.000,,1899999,,2020-08-12 06:00:03.171,2020-08-07 05:00:04.864,,,tracker_pedometer_reward_target_achieved,UTC-0600,"{""mTarget"":6000,""mValue"":8658}",jBfEgmLJSx,com.sec.android.app.shealth,tracker.pedometer,2020-08-06 06:00:00.000,b5c3413d-16e6-4d1a-973a-f173bbbe2a8f,1,
,2020-08-09 19:16:26.252,,,,2020-09-17 13:05:00.284,2020-08-09 19:16:26.299,,,goal_activity_reward_goal_achieved,UTC-0500,"{""mIsCompleted"":false,""mValue"":63,""mValue2"":60}",jBfEgmLJSx,com.sec.android.app.shealth,goal.activity,2020-08-09 19:16:26.252,15756662-68b8-43d2-bb84-d4022826df8c,0,
,2020-09-17 13:05:00.256,,,,2020-09-19 20:19:26.863,2020-09-17 13:05:00.292,,,goal_activity_reward_goal_achieved,UTC-0400,"{""mIsCompleted"":false,""mValue"":127,""mValue2"":60}",jBfEgmLJSx,com.sec.android.app.shealth,goal.activity,2020-09-17 13:05:00.256,359cb580-8606-4457-91da-199c180445a1,0,
,2020-09-17 04:00:00.000,,10009,,2020-09-23 04:00:02.905,2020-09-18 04:00:01.728,,,tracker_pedometer_reward_target_achieved,UTC-0400,"{""mTarget"":6000,""mValue"":12484}",jBfEgmLJSx,com.sec.android.app.shealth,tracker.pedometer,2020-09-17 04:00:00.000,aee599dd-ea33-41d3-a10c-fbf90e6fb1eb,1,
,2020-09-17 04:00:00.000,,10009,,2020-09-18 04:00:01.764,2020-09-18 04:00:01.764,,,tracker_pedometer_reward_most_walking_day,UTC-0400,"{""mTarget"":-1,""mValue"":12484}",jBfEgmLJSx,com.sec.android.app.shealth,tracker.pedometer,2020-09-17 04:00:00.000,99b9f781-88fa-49a7-b8bb-6d3a7d433073,1,
,2020-09-19 20:19:26.820,,,,2020-09-24 00:19:32.285,2020-09-19 20:19:26.874,,,goal_activity_reward_goal_achieved,UTC-0400,"{""mIsCompleted"":false,""mValue"":88,""mValue2"":60}",jBfEgmLJSx,com.sec.android.app.shealth,goal.activity,2020-09-19 20:19:26.820,778b9726-879d-4a53-b1a0-35ebc69160b1,0,
,2020-09-19 04:00:00.000,,1899999,,2020-09-25 04:00:04.229,2020-09-20 04:00:05.111,,,tracker_pedometer_reward_target_achieved,UTC-0400,"{""mTarget"":6000,""mValue"":7052}",jBfEgmLJSx,com.sec.android.app.shealth,tracker.pedometer,2020-09-19 04:00:00.000,4bcb0476-3064-4b86-aede-b96447da45d2,1,
,2020-09-24 00:19:32.273,,,,2020-09-26 23:50:42.822,2020-09-24 00:19:32.295,,,goal_activity_reward_goal_achieved,UTC-0400,"{""mIsCompleted"":true,""mValue"":79,""mValue2"":60}",jBfEgmLJSx,com.sec.android.app.shealth,goal.activity,2020-09-24 00:19:32.273,e5d3a40d-7479-4a2e-a335-8f64deebed7a,0,
,2020-09-23 05:00:00.000,,1899999,,2020-09-29 05:00:04.713,2020-09-24 04:00:05.115,,,tracker_pedometer_reward_target_achieved,UTC-0500,"{""mTarget"":6000,""mValue"":6130}",jBfEgmLJSx,com.sec.android.app.shealth,tracker.pedometer,2020-09-23 05:00:00.000,2e67a9d2-35a1-479a-a1f5-a17341e24c66,1,
,2020-09-26 23:50:42.810,,,,2020-09-27 22:25:00.885,2020-09-26 23:50:42.836,,,goal_activity_reward_goal_achieved,UTC-0400,"{""mIsCompleted"":false,""mValue"":68,""mValue2"":60}",jBfEgmLJSx,com.sec.android.app.shealth,goal.activity,2020-09-26 23:50:42.810,ac2490a3-8fea-43f7-9542-732127f4f364,0,
,2020-09-27 22:25:00.855,,,,2020-10-14 03:15:17.287,2020-09-27 22:25:00.889,,,goal_activity_reward_goal_achieved,UTC-0500,"{""mIsCompleted"":false,""mValue"":75,""mValue2"":60}",jBfEgmLJSx,com.sec.android.app.shealth,goal.activity,2020-09-27 22:25:00.855,b533bcf8-cb3e-42c6-833e-b6b77da0389e,0,
,2020-09-27 07:00:00.000,,10009,,2020-10-03 19:03:56.722,2020-09-28 05:00:01.528,,,tracker_pedometer_reward_target_achieved,UTC-0700,"{""mTarget"":6000,""mValue"":7110}",jBfEgmLJSx,com.sec.android.app.shealth,tracker.pedometer,2020-09-27 07:00:00.000,aae38e95-00e9-4bae-906a-4a312ca4c7b2,1,
,2020-10-14 03:15:17.255,,,,2020-11-03 06:00:00.633,2020-10-14 03:15:17.307,,,goal_activity_reward_goal_achieved,UTC-0700,"{""mIsCompleted"":false,""mValue"":62,""mValue2"":60}",jBfEgmLJSx,com.sec.android.app.shealth,goal.activity,2020-10-14 03:15:17.255,01b479df-4a2c-4cf3-a304-0039d760d14a,0,
,2020-11-03 06:00:00.597,,,,2021-02-22 07:15:27.428,2020-11-03 06:00:00.645,,,goal_activity_reward_goal_achieved,UTC-0800,"{""mIsCompleted"":false,""mValue"":71,""mValue2"":60}",jBfEgmLJSx,com.sec.android.app.shealth,goal.activity,2020-11-03 06:00:00.597,c191e92e-9752-4de8-a1ec-e2d188a7112b,0,
,2020-11-02 06:00:00.000,,10009,,2020-11-08 18:41:14.077,2020-11-03 08:00:02.449,,,tracker_pedometer_reward_target_achieved,UTC-0600,"{""mTarget"":6000,""mValue"":6632}",jBfEgmLJSx,com.sec.android.app.shealth,tracker.pedometer,2020-11-02 06:00:00.000,5585a29e-e27c-493a-abb7-010fc91a4757,1,
,2021-01-30 08:41:00.000,,,,2021-01-30 23:46:40.617,2021-01-30 23:46:40.617,,,goal_sleep_TYPE_GOAL_DAILY_BED_TIME,UTC-0700,6,jBfEgmLJSx,com.sec.android.app.shealth,Sleep.Goal,2021-01-30 05:58:00.000,f9095d57-8ff5-498a-b0b5-9681f7a7379c,1,
,2020-07-13 13:02:00.000,,,,2021-01-30 23:46:40.617,2021-01-30 23:46:40.617,,,goal_sleep_TYPE_GOAL_DAILY_WAKEUP_TIME,UTC-0600,8,jBfEgmLJSx,com.sec.android.app.shealth,Sleep.Goal,2020-07-13 06:22:00.000,fcde4df0-3cf9-4df1-b21a-71480b4c62f3,1,
,2020-07-04 14:18:00.000,,,,2021-01-30 23:46:40.618,2021-01-30 23:46:40.618,,,goal_sleep_TYPE_GOAL_DAILY_WAKEUP_TIME,UTC-0700,7,jBfEgmLJSx,com.sec.android.app.shealth,Sleep.Goal,2020-07-04 08:50:00.000,0b3cda4e-3dc2-49b3-beb2-a0de345541d3,0,
,2020-06-22 11:48:00.000,,,,2021-01-30 23:46:40.618,2021-01-30 23:46:40.618,,,goal_sleep_TYPE_GOAL_DAILY_WAKEUP_TIME,UTC-0500,6,jBfEgmLJSx,com.sec.android.app.shealth,Sleep.Goal,2020-06-22 06:25:00.000,965d2334-6100-4ee0-8196-8fc02b63c3b4,0,
,2020-06-12 12:42:00.000,,,,2021-01-30 23:46:40.618,2021-01-30 23:46:40.618,,,goal_sleep_TYPE_GOAL_DAILY_WAKEUP_TIME,UTC-0600,5,jBfEgmLJSx,com.sec.android.app.shealth,Sleep.Goal,2020-06-12 07:54:00.000,f4a31074-c210-46d1-adc3-220bb5457429,0,
,2020-06-02 13:59:00.000,,,,2021-01-30 23:46:40.618,2021-01-30 23:46:40.618,,,goal_sleep_TYPE_GOAL_DAILY_WAKEUP_TIME,UTC-0700,4,jBfEgmLJSx,com.sec.android.app.shealth,Sleep.Goal,2020-06-02 04:52:00.000,682966e4-ee4e-455c-84bb-8d36501be9d2,0,
,2020-05-14 10:35:00.000,,,,2021-01-30 23:46:40.618,2021-01-30 23:46:40.618,,,goal_sleep_TYPE_GOAL_DAILY_WAKEUP_TIME,UTC-0400,3,jBfEgmLJSx,com.sec.android.app.shealth,Sleep.Goal,2020-05-14 07:01:00.000,709110fc-d7f3-421a-a410-452f7f6e1b33,0,
,2020-04-25 11:00:00.000,,,,2021-01-30 23:46:40.619,2021-01-30 23:46:40.619,,,goal_sleep_TYPE_GOAL_DAILY_BED_TIME,UTC-0700,5,jBfEgmLJSx,com.sec.android.app.shealth,Sleep.Goal,2020-04-25 05:49:00.000,30f3d234-5df3-4238-ab9b-42760b2510f9,0,
,2020-04-09 12:20:00.000,,,,2021-01-30 23:46:40.619,2021-01-30 23:46:40.619,,,goal_sleep_TYPE_GOAL_DAILY_BED_TIME,UTC-0700,4,jBfEgmLJSx,com.sec.android.app.shealth,Sleep.Goal,2020-04-09 05:30:00.000,d6f7c49c-2ae9-4c94-bb51-0c8a5320a376,0,
,2020-03-30 07:49:00.000,,,,2021-01-30 23:46:40.619,2021-01-30 23:46:40.619,,,goal_sleep_TYPE_GOAL_DAILY_BED_TIME,UTC-0700,3,jBfEgmLJSx,com.sec.android.app.shealth,Sleep.Goal,2020-03-30 06:02:00.000,79136cd1-4130-467b-aaa1-09ea2885c7ed,0,
,2020-03-24 13:19:00.000,,,,2021-01-30 23:46:40.619,2021-01-30 23:46:40.619,,,goal_sleep_TYPE_GOAL_DAILY_WAKEUP_TIME,UTC-0600,2,jBfEgmLJSx,com.sec.android.app.shealth,Sleep.Goal,2020-03-24 08:00:00.000,1a5ae7f1-6201-450b-8409-60933d1c4038,0,
,2019-11-06 09:45:00.000,,,,2021-01-30 23:46:40.620,2021-01-30 23:46:40.620,,,goal_sleep_TYPE_GOAL_DAILY_BED_TIME,UTC-0700,2,jBfEgmLJSx,com.sec.android.app.shealth,Sleep.Goal,2019-11-06 06:13:00.000,a85da8be-c921-4ca3-a396-bf8ca4cde29a,0,
,2019-11-03 15:03:00.000,,,,2021-01-30 23:46:40.620,2021-01-30 23:46:40.620,,,goal_sleep_TYPE_GOAL_DAILY_BED_TIME,UTC-0700,1,jBfEgmLJSx,com.sec.android.app.shealth,Sleep.Goal,2019-11-03 05:47:00.000,5e046da9-71a3-457e-b469-51decceb83b0,0,
,2019-11-01 13:35:00.000,,,,2021-01-30 23:46:40.620,2021-01-30 23:46:40.620,,,goal_sleep_TYPE_GOAL_DAILY_WAKEUP_TIME,UTC-0700,1,jBfEgmLJSx,com.sec.android.app.shealth,Sleep.Goal,2019-11-01 05:05:00.000,eea85c50-b20b-4686-8b2a-7815591f6f2f,0,
,2021-02-22 06:59:59.999,,,,2021-03-02 09:27:06.357,2021-02-22 07:15:27.436,,,goal_activity_reward_goal_achieved,UTC-0700,"{""mIsCompleted"":true,""mValue"":64,""mValue2"":60}",jBfEgmLJSx,com.sec.android.app.shealth,goal.activity,2021-02-22 06:59:59.999,2845085c-901b-4707-9688-298c57255f01,0,
,2021-03-02 09:27:06.331,,,,2021-03-09 04:02:36.320,2021-03-02 09:27:06.370,,,goal_activity_reward_goal_achieved,UTC-0500,"{""mIsCompleted"":false,""mValue"":117,""mValue2"":60}",jBfEgmLJSx,com.sec.android.app.shealth,goal.activity,2021-03-02 09:27:06.331,a7e282ee-58a5-4ec2-98ad-1ad75dab13a4,0,
,2021-03-02 07:00:00.000,,10009,,2021-03-09 01:22:21.517,2021-03-03 05:00:02.042,,,tracker_pedometer_reward_target_achieved,UTC-0700,"{""mTarget"":6000,""mValue"":10085}",jBfEgmLJSx,com.sec.android.app.shealth,tracker.pedometer,2021-03-02 07:00:00.000,1e6d1041-ec05-4552-951c-98a90ea0293e,1,
,2021-03-09 04:02:36.278,,,,2021-04-04 04:53:00.188,2021-03-09 04:02:36.334,,,goal_activity_reward_goal_achieved,UTC-0800,"{""mIsCompleted"":false,""mValue"":61,""mValue2"":60}",jBfEgmLJSx,com.sec.android.app.shealth,goal.activity,2021-03-09 04:02:36.278,c9400430-fcbb-49d1-ba1b-5e703013da0a,0,
,2021-04-04 04:53:00.149,,,,2021-04-15 08:45:13.446,2021-04-04 04:53:00.191,,,goal_activity_reward_goal_achieved,UTC-0700,"{""mIsCompleted"":true,""mValue"":66,""mValue2"":60}",jBfEgmLJSx,com.sec.android.app.shealth,goal.activity,2021-04-04 04:53:00.149,cb9e15d1-e2fe-4bcb-a08b-494011e7e3c2,0,
,2021-04-13 01:55:06.063,,,,2021-04-19 19:55:36.080,2021-04-13 01:55:06.123,,,goal_activity_reward_goal_achieved,UTC-0500,"{""mIsCompleted"":false,""mValue"":70,""mValue2"":60}",jBfEgmLJSx,com.sec.android.app.shealth,goal.activity,2021-04-13 01:55:06.063,1e8b9b8d-a14c-46a0-9468-70fabc54820e,0,
,2021-04-12 05:00:00.000,,10009,,2021-04-18 10:13:24.547,2021-04-13 05:00:03.304,,,tracker_pedometer_reward_target_achieved,UTC-0500,"{""mTarget"":6000,""mValue"":6541}",jBfEgmLJSx,com.sec.android.app.shealth,tracker.pedometer,2021-04-12 05:00:00.000,3eee5a6a-0745-45f0-91d9-a784b8fc19e7,1,
,2021-04-19 19:55:36.066,,,,2021-06-07 02:38:01.403,2021-04-19 19:55:36.087,,,goal_activity_reward_goal_achieved,UTC-0400,"{""mIsCompleted"":false,""mValue"":66,""mValue2"":60}",jBfEgmLJSx,com.sec.android.app.shealth,goal.activity,2021-04-19 19:55:36.066,105b4efc-2814-4336-a22a-12e9a2c162f5,0,
,2021-04-19 05:00:00.000,,10009,,2021-04-25 05:48:51.624,2021-04-20 05:30:41.894,,,tracker_pedometer_reward_target_achieved,UTC-0500,"{""mTarget"":6000,""mValue"":6087}",jBfEgmLJSx,com.sec.android.app.shealth,tracker.pedometer,2021-04-19 05:00:00.000,2609f36d-b543-462a-9ec3-642c8353555f,1,
,2021-06-07 02:38:01.360,,,,2021-06-09 00:15:08.709,2021-06-07 02:38:01.405,,,goal_activity_reward_goal_achieved,UTC-0700,"{""mIsCompleted"":false,""mValue"":68,""mValue2"":60}",jBfEgmLJSx,com.sec.android.app.shealth,goal.activity,2021-06-07 02:38:01.360,073133fc-9adc-4e2d-aa44-da73364c6b39,0,
,2021-06-09 00:15:08.543,,,,2021-06-11 04:55:25.578,2021-06-09 00:15:08.712,,,goal_activity_reward_goal_achieved,UTC-0700,"{""mIsCompleted"":false,""mValue"":77,""mValue2"":60}",jBfEgmLJSx,com.sec.android.app.shealth,goal.activity,2021-06-09 00:15:08.543,0f6afcb3-6d09-4e21-bf37-be0c853519bf,0,
,2021-06-11 04:55:25.544,,,,2021-06-12 05:35:01.118,2021-06-11 04:55:25.580,,,goal_activity_reward_goal_achieved,UTC-0700,"{""mIsCompleted"":false,""mValue"":67,""mValue2"":60}",jBfEgmLJSx,com.sec.android.app.shealth,goal.activity,2021-06-11 04:55:25.544,39cd94bd-05ae-4232-bea9-d975a824cf30,0,
,2021-06-10 05:00:00.000,,10009,,2021-06-17 04:28:15.741,2021-06-11 07:00:01.827,,,tracker_pedometer_reward_target_achieved,UTC-0500,"{""mTarget"":6000,""mValue"":6208}",jBfEgmLJSx,com.sec.android.app.shealth,tracker.pedometer,2021-06-10 05:00:00.000,2efa1f81-5c4a-4c11-b896-686ae7f963cf,1,
,2021-06-12 05:35:01.065,,,,2021-07-12 04:55:38.074,2021-06-12 05:35:01.124,,,goal_activity_reward_goal_achieved,UTC-0700,"{""mIsCompleted"":false,""mValue"":64,""mValue2"":60}",jBfEgmLJSx,com.sec.android.app.shealth,goal.activity,2021-06-12 05:35:01.065,ada04446-dc51-4700-860a-7317f0b91284,0,
,2021-06-11 05:00:00.000,,10009,,2021-06-17 09:07:41.147,2021-06-12 07:00:01.647,,,tracker_pedometer_reward_target_achieved,UTC-0500,"{""mTarget"":6000,""mValue"":6006}",jBfEgmLJSx,com.sec.android.app.shealth,tracker.pedometer,2021-06-11 05:00:00.000,7f2a5266-b0c7-4379-8c03-b10a56494fe9,1,
,2021-07-12 04:55:38.019,,,,2021-07-13 21:11:00.541,2021-07-12 04:55:38.076,,,goal_activity_reward_goal_achieved,UTC-0700,"{""mIsCompleted"":false,""mValue"":64,""mValue2"":60}",jBfEgmLJSx,com.sec.android.app.shealth,goal.activity,2021-07-12 04:55:38.019,26ae8c44-ae67-4584-b696-c464b64ea0e8,0,
,2021-07-13 21:11:00.496,,,,2021-07-15 21:53:00.438,2021-07-13 21:11:00.544,,,goal_activity_reward_goal_achieved,UTC-0700,"{""mIsCompleted"":false,""mValue"":77,""mValue2"":60}",jBfEgmLJSx,com.sec.android.app.shealth,goal.activity,2021-07-13 21:11:00.496,6a9a3846-8ba9-4972-9769-8dd536c28730,0,
,2021-07-13 07:00:00.000,,10009,,2021-07-19 07:00:08.511,2021-07-14 07:00:01.849,,,tracker_pedometer_reward_target_achieved,UTC-0700,"{""mTarget"":6000,""mValue"":7057}",jBfEgmLJSx,com.sec.android.app.shealth,tracker.pedometer,2021-07-13 07:00:00.000,acf41cec-5322-4b1f-9d30-90cd4548103d,1,
,2021-07-15 21:53:00.412,,,,2021-07-16 16:55:01.582,2021-07-15 21:53:00.443,,,goal_activity_reward_goal_achieved,UTC-0700,"{""mIsCompleted"":false,""mValue"":146,""mValue2"":60}",jBfEgmLJSx,com.sec.android.app.shealth,goal.activity,2021-07-15 21:53:00.412,0659f5dc-bee2-438c-9ffa-28849efae6d9,0,
,2021-07-15 07:00:00.000,,10009,,2021-07-21 07:00:08.799,2021-07-16 13:05:03.358,,,tracker_pedometer_reward_target_achieved,UTC-0700,"{""mTarget"":6000,""mValue"":13940}",jBfEgmLJSx,com.sec.android.app.shealth,tracker.pedometer,2021-07-15 07:00:00.000,93793491-5b0b-4107-8491-b3e4294a9634,1,
,2021-07-15 07:00:00.000,,10009,,2021-07-16 13:05:03.378,2021-07-16 13:05:03.378,,,tracker_pedometer_reward_most_walking_day,UTC-0700,"{""mTarget"":-1,""mValue"":13940}",jBfEgmLJSx,com.sec.android.app.shealth,tracker.pedometer,2021-07-15 07:00:00.000,9de60f12-31eb-413b-a96b-b4631286b647,1,
,2021-07-16 16:55:01.544,,,,2021-07-17 06:15:29.970,2021-07-16 16:55:01.584,,,goal_activity_reward_goal_achieved,UTC-0700,"{""mIsCompleted"":false,""mValue"":105,""mValue2"":60}",jBfEgmLJSx,com.sec.android.app.shealth,goal.activity,2021-07-16 16:55:01.544,7ec9a319-d621-4b80-a4ef-769ea94e9f7a,1,
,2021-07-16 07:00:00.000,,10009,,2021-07-22 08:35:03.472,2021-07-17 07:00:01.914,,,tracker_pedometer_reward_target_achieved,UTC-0700,"{""mTarget"":6000,""mValue"":9756}",jBfEgmLJSx,com.sec.android.app.shealth,tracker.pedometer,2021-07-16 07:00:00.000,40e2135a-8c15-4608-8818-fe9f092e547c,1,
,2021-08-25 05:00:00.000,,10009,,2021-08-31 05:49:54.863,2021-08-26 06:00:02.494,,,tracker_pedometer_reward_target_achieved,UTC-0500,"{""mTarget"":6000,""mValue"":9535}",jBfEgmLJSx,com.sec.android.app.shealth,tracker.pedometer,2021-08-25 05:00:00.000,8e63e5a7-b956-4f36-9863-0af7bead97c8,1,
,2021-09-18 06:00:00.000,,10009,,2021-09-24 06:00:51.491,2021-09-19 07:00:03.256,,,tracker_pedometer_reward_target_achieved,UTC-0600,"{""mTarget"":6000,""mValue"":7536}",jBfEgmLJSx,com.sec.android.app.shealth,tracker.pedometer,2021-09-18 06:00:00.000,8dd37916-e434-45c5-b58a-082f747143e5,1,
,2021-09-22 04:00:00.000,,10009,,2021-09-28 04:00:05.240,2021-09-23 07:00:01.820,,,tracker_pedometer_reward_target_achieved,UTC-0400,"{""mTarget"":6000,""mValue"":6173}",jBfEgmLJSx,com.sec.android.app.shealth,tracker.pedometer,2021-09-22 04:00:00.000,7169158c-4514-46b9-a323-84a1262a056d,1,
,2021-10-05 07:00:00.000,,10009,,2021-10-11 07:00:29.433,2021-10-06 07:00:04.376,,,tracker_pedometer_reward_target_achieved,UTC-0700,"{""mTarget"":6000,""mValue"":6096}",jBfEgmLJSx,com.sec.android.app.shealth,tracker.pedometer,2021-10-05 07:00:00.000,46a06a81-5668-457e-a6ec-952490065197,1,
,2021-10-11 07:00:00.000,,10009,,2021-10-17 07:00:02.561,2021-10-12 07:00:02.128,,,tracker_pedometer_reward_target_achieved,UTC-0700,"{""mTarget"":6000,""mValue"":7240}",jBfEgmLJSx,com.sec.android.app.shealth,tracker.pedometer,2021-10-11 07:00:00.000,1ac91bfa-1795-4340-8b77-8665525db700,1,
,2021-10-12 07:00:00.000,,10009,,2021-10-18 07:00:44.731,2021-10-13 07:00:02.370,,,tracker_pedometer_reward_target_achieved,UTC-0700,"{""mTarget"":6000,""mValue"":8662}",jBfEgmLJSx,com.sec.android.app.shealth,tracker.pedometer,2021-10-12 07:00:00.000,a159e718-8819-4a0f-9608-5ab605dd74f5,1,
,2021-12-11 07:00:00.000,,10009,,2021-12-17 08:25:47.066,2021-12-12 07:00:03.434,,,tracker_pedometer_reward_target_achieved,UTC-0700,"{""mTarget"":6000,""mValue"":6818}",jBfEgmLJSx,com.sec.android.app.shealth,tracker.pedometer,2021-12-11 07:00:00.000,13821016-178f-4b3c-9427-0d67f28b91af,1,
,2021-12-12 07:00:00.000,,10009,,2021-12-18 07:15:28.617,2021-12-13 07:00:01.801,,,tracker_pedometer_reward_target_achieved,UTC-0700,"{""mTarget"":6000,""mValue"":8456}",jBfEgmLJSx,com.sec.android.app.shealth,tracker.pedometer,2021-12-12 07:00:00.000,bc254259-1474-4dd8-b3de-828f7b990a89,1,
,2021-12-13 07:00:00.000,,10009,,2021-12-19 08:36:20.737,2021-12-14 07:00:03.132,,,tracker_pedometer_reward_target_achieved,UTC-0700,"{""mTarget"":6000,""mValue"":10831}",jBfEgmLJSx,com.sec.android.app.shealth,tracker.pedometer,2021-12-13 07:00:00.000,1165ceb0-94ee-49af-8b39-b21b29cad480,1,
,2021-12-15 07:00:00.000,,10009,,2021-12-21 07:00:06.731,2021-12-16 07:33:44.849,,,tracker_pedometer_reward_target_achieved,UTC-0700,"{""mTarget"":6000,""mValue"":6588}",jBfEgmLJSx,com.sec.android.app.shealth,tracker.pedometer,2021-12-15 07:00:00.000,d43037ba-9590-422d-83d5-49ad1fc8e153,1,
,2021-12-18 07:00:00.000,,10009,,2021-12-24 07:03:01.793,2021-12-19 08:36:14.923,,,tracker_pedometer_reward_target_achieved,UTC-0700,"{""mTarget"":6000,""mValue"":7203}",jBfEgmLJSx,com.sec.android.app.shealth,tracker.pedometer,2021-12-18 07:00:00.000,0a8cce06-a0ed-4e5b-8597-5e0a17346443,1,
,2021-12-23 07:00:00.000,,10009,,2021-12-29 07:00:07.705,2021-12-24 07:00:03.005,,,tracker_pedometer_reward_target_achieved,UTC-0700,"{""mTarget"":6000,""mValue"":7671}",jBfEgmLJSx,com.sec.android.app.shealth,tracker.pedometer,2021-12-23 07:00:00.000,5938fd40-9d34-45be-b7e8-ec399be9e9f5,1,
,2021-12-27 07:00:00.000,,10009,,2022-01-02 07:00:06.832,2021-12-28 07:39:32.858,,,tracker_pedometer_reward_target_achieved,UTC-0700,"{""mTarget"":6000,""mValue"":6670}",jBfEgmLJSx,com.sec.android.app.shealth,tracker.pedometer,2021-12-27 07:00:00.000,e2e2a82d-e39b-41c2-90ec-aff6f34f4a8f,1,
,2021-12-28 07:00:00.000,,10009,,2022-01-03 07:00:12.409,2021-12-29 07:00:02.096,,,tracker_pedometer_reward_target_achieved,UTC-0700,"{""mTarget"":6000,""mValue"":7348}",jBfEgmLJSx,com.sec.android.app.shealth,tracker.pedometer,2021-12-28 07:00:00.000,4c78b550-769e-4d42-8670-4c42251c9a85,1,
,2022-01-01 07:00:00.000,,10009,,2022-01-07 07:00:16.688,2022-01-02 07:00:01.716,,,tracker_pedometer_reward_target_achieved,UTC-0700,"{""mTarget"":6000,""mValue"":6046}",jBfEgmLJSx,com.sec.android.app.shealth,tracker.pedometer,2022-01-01 07:00:00.000,4a5006ff-eb21-408d-9ffd-87263f38a8e8,1,
,2022-01-15 07:00:00.000,,10009,,2022-01-21 07:00:06.578,2022-01-16 07:00:03.215,,,tracker_pedometer_reward_target_achieved,UTC-0700,"{""mTarget"":6000,""mValue"":7923}",jBfEgmLJSx,com.sec.android.app.shealth,tracker.pedometer,2022-01-15 07:00:00.000,5457a23e-8c57-47b1-849c-d6fb75b3eb62,1,
,2022-01-16 06:00:00.000,,10009,,2022-01-22 06:00:18.640,2022-01-17 07:00:02.561,,,tracker_pedometer_reward_target_achieved,UTC-0600,"{""mTarget"":6000,""mValue"":7481}",jBfEgmLJSx,com.sec.android.app.shealth,tracker.pedometer,2022-01-16 06:00:00.000,f6bf5808-b1a2-49a0-abfe-1892473f69de,1,
,2022-01-18 07:00:00.000,,10009,,2022-01-24 09:14:11.843,2022-01-19 07:00:02.495,,,tracker_pedometer_reward_target_achieved,UTC-0700,"{""mTarget"":6000,""mValue"":6028}",jBfEgmLJSx,com.sec.android.app.shealth,tracker.pedometer,2022-01-18 07:00:00.000,f0c590d4-38b1-4507-9c25-04f6dfe64ab0,1,
,2022-05-16 07:00:00.000,,1899999,,2022-05-22 07:00:52.889,2022-05-17 07:00:05.399,,,tracker_pedometer_reward_target_achieved,UTC-0700,"{""mTarget"":6000,""mValue"":6069}",jBfEgmLJSx,com.sec.android.app.shealth,tracker.pedometer,2022-05-16 07:00:00.000,624a064e-672e-45c7-aa65-c2b0a83815ee,1,
,2022-06-02 07:00:00.000,,10009,,2022-06-08 07:02:38.530,2022-06-03 07:00:03.396,,,tracker_pedometer_reward_target_achieved,UTC-0700,"{""mTarget"":6000,""mValue"":6341}",jBfEgmLJSx,com.sec.android.app.shealth,tracker.pedometer,2022-06-02 07:00:00.000,3a5353e2-d35c-40f0-8b96-85b315b75ad6,1,
,2022-07-01 07:00:00.000,,10009,,2022-07-07 07:01:02.610,2022-07-02 05:00:01.683,,,tracker_pedometer_reward_target_achieved,UTC-0700,"{""mTarget"":6000,""mValue"":7781}",jBfEgmLJSx,com.sec.android.app.shealth,tracker.pedometer,2022-07-01 07:00:00.000,c7a713bb-4876-4832-9c3e-73c83a939211,1,
,2022-07-03 05:00:00.000,,10009,,2022-07-09 05:00:04.972,2022-07-04 07:25:45.454,,,tracker_pedometer_reward_target_achieved,UTC-0500,"{""mTarget"":6000,""mValue"":6955}",jBfEgmLJSx,com.sec.android.app.shealth,tracker.pedometer,2022-07-03 05:00:00.000,4187efe6-0335-4e09-b0b2-3451a45d2b93,1,
,2023-05-13 07:00:00.000,,10009,,2023-05-19 07:04:32.584,2023-05-14 07:00:03.300,,,tracker_pedometer_reward_target_achieved,UTC-0700,"{""mTarget"":6000,""mValue"":6154}",jBfEgmLJSx,com.sec.android.app.shealth,tracker.pedometer,2023-05-13 07:00:00.000,181a6c46-6355-4d25-a582-0d07c3c7fba0,1,
,2019-10-12 05:00:00.000,,100003,,2023-09-15 15:57:10.933,2023-09-15 15:57:10.933,,,tracker_pedometer_reward_target_achieved,UTC-0500,"{""mTarget"":6000,""mValue"":6887}",6+THe69Q8P,com.sec.android.app.shealth,tracker.pedometer,2019-10-12 05:00:00.000,3e6a80b7-be05-4da6-9a1f-31213cfb6861,1,
,2019-10-13 05:00:00.000,,100003,,2023-09-15 15:57:10.933,2023-09-15 15:57:10.933,,,tracker_pedometer_reward_target_achieved,UTC-0500,"{""mTarget"":6000,""mValue"":7925}",6+THe69Q8P,com.sec.android.app.shealth,tracker.pedometer,2019-10-13 05:00:00.000,d7997c65-9225-4b14-94b9-cfed2f79b149,1,
,2019-10-17 05:00:00.000,,100003,,2023-09-15 15:57:10.933,2023-09-15 15:57:10.933,,,tracker_pedometer_reward_target_achieved,UTC-0500,"{""mTarget"":6000,""mValue"":6837}",6+THe69Q8P,com.sec.android.app.shealth,tracker.pedometer,2019-10-17 05:00:00.000,5939ac98-47e2-4f16-9474-1b473cee2ea9,1,
,2019-10-18 05:00:00.000,,100003,,2023-09-15 15:57:10.933,2023-09-15 15:57:10.933,,,tracker_pedometer_reward_target_achieved,UTC-0500,"{""mTarget"":6000,""mValue"":6982}",6+THe69Q8P,com.sec.android.app.shealth,tracker.pedometer,2019-10-18 05:00:00.000,bd18b5fa-de17-4e1a-bc91-be31ebe9540b,1,
,2019-10-20 05:00:00.000,,100003,,2023-09-15 15:57:10.933,2023-09-15 15:57:10.933,,,tracker_pedometer_reward_most_walking_day,UTC-0500,"{""mTarget"":-1,""mValue"":12222}",6+THe69Q8P,com.sec.android.app.shealth,tracker.pedometer,2019-10-20 05:00:00.000,d80b3163-ca67-4597-8465-962f91175f01,1,
,2019-10-20 05:00:00.000,,100003,,2023-09-15 15:57:10.934,2023-09-15 15:57:10.934,,,tracker_pedometer_reward_target_achieved,UTC-0500,"{""mTarget"":6000,""mValue"":12222}",6+THe69Q8P,com.sec.android.app.shealth,tracker.pedometer,2019-10-20 05:00:00.000,e2399848-d325-48bf-b044-99005c4e1c3c,1,
,2019-10-21 05:00:00.000,,100003,,2023-09-15 15:57:10.934,2023-09-15 15:57:10.934,,,tracker_pedometer_reward_target_achieved,UTC-0500,"{""mTarget"":6000,""mValue"":8558}",6+THe69Q8P,com.sec.android.app.shealth,tracker.pedometer,2019-10-21 05:00:00.000,fd6c4128-6fa8-4c20-ba73-df9848beba74,1,
,2019-10-23 05:00:00.000,,100003,,2023-09-15 15:57:10.934,2023-09-15 15:57:10.934,,,tracker_pedometer_reward_target_achieved,UTC-0500,"{""mTarget"":6000,""mValue"":6942}",6+THe69Q8P,com.sec.android.app.shealth,tracker.pedometer,2019-10-23 05:00:00.000,c4a71715-3f6e-4dd0-99a5-4b7a222332c1,1,
,2019-10-24 05:00:00.000,,100003,,2023-09-15 15:57:10.934,2023-09-15 15:57:10.934,,,tracker_pedometer_reward_target_achieved,UTC-0500,"{""mTarget"":6000,""mValue"":8497}",6+THe69Q8P,com.sec.android.app.shealth,tracker.pedometer,2019-10-24 05:00:00.000,358e86ae-c3ca-4281-be65-1f7b2c7d98e2,1,
,2019-10-25 05:00:00.000,,100003,,2023-09-15 15:57:10.934,2023-09-15 15:57:10.934,,,tracker_pedometer_reward_target_achieved,UTC-0500,"{""mTarget"":6000,""mValue"":7465}",6+THe69Q8P,com.sec.android.app.shealth,tracker.pedometer,2019-10-25 05:00:00.000,2303fb2d-4fd8-4312-a8f5-47330e4fc339,1,
,2019-10-29 05:00:00.000,,100003,,2023-09-15 15:57:10.934,2023-09-15 15:57:10.934,,,tracker_pedometer_reward_target_achieved,UTC-0500,"{""mTarget"":6000,""mValue"":7740}",6+THe69Q8P,com.sec.android.app.shealth,tracker.pedometer,2019-10-29 05:00:00.000,0da9b749-47da-4e7a-b137-40eb863140d9,1,
,2019-10-31 05:00:00.000,,100003,,2023-09-15 15:57:10.934,2023-09-15 15:57:10.934,,,tracker_pedometer_reward_target_achieved,UTC-0500,"{""mTarget"":6000,""mValue"":6632}",6+THe69Q8P,com.sec.android.app.shealth,tracker.pedometer,2019-10-31 05:00:00.000,1f8f2d34-124d-43a5-85d6-b2bca78bb156,1,
,2019-11-01 05:00:00.000,,100003,,2023-09-15 15:57:10.934,2023-09-15 15:57:10.934,,,tracker_pedometer_reward_most_walking_day,UTC-0500,"{""mTarget"":-1,""mValue"":15259}",6+THe69Q8P,com.sec.android.app.shealth,tracker.pedometer,2019-11-01 05:00:00.000,1cfb48ff-9702-4d5a-8df1-ebb122b26511,1,
,2019-11-01 05:00:00.000,,100003,,2023-09-15 15:57:10.934,2023-09-15 15:57:10.934,,,tracker_pedometer_reward_target_achieved,UTC-0500,"{""mTarget"":6000,""mValue"":15259}",6+THe69Q8P,com.sec.android.app.shealth,tracker.pedometer,2019-11-01 05:00:00.000,66c1e822-627b-4988-9554-d335c87ea7f0,1,
,2019-11-05 06:00:00.000,,100003,,2023-09-15 15:57:10.935,2023-09-15 15:57:10.935,,,tracker_pedometer_reward_target_achieved,UTC-0600,"{""mTarget"":6000,""mValue"":6031}",6+THe69Q8P,com.sec.android.app.shealth,tracker.pedometer,2019-11-05 06:00:00.000,e41460ac-b996-4b49-b1d7-2d3dc9ef0800,1,
,2019-11-07 06:00:00.000,,100003,,2023-09-15 15:57:10.935,2023-09-15 15:57:10.935,,,tracker_pedometer_reward_target_achieved,UTC-0600,"{""mTarget"":6000,""mValue"":6923}",6+THe69Q8P,com.sec.android.app.shealth,tracker.pedometer,2019-11-07 06:00:00.000,6aed0d66-e2d3-461f-9b2b-f5782cf5363e,1,
,2020-03-25 05:00:00.000,,100003,,2023-09-15 15:57:10.935,2023-09-15 15:57:10.935,,,tracker_pedometer_reward_target_achieved,UTC-0500,"{""mTarget"":6000,""mValue"":9763}",6+THe69Q8P,com.sec.android.app.shealth,tracker.pedometer,2020-03-25 05:00:00.000,e868bb44-6509-4e76-a536-bbae6a6940c1,1,
,2020-03-27 05:00:00.000,,100003,,2023-09-15 15:57:10.935,2023-09-15 15:57:10.935,,,tracker_pedometer_reward_target_achieved,UTC-0500,"{""mTarget"":6000,""mValue"":10043}",6+THe69Q8P,com.sec.android.app.shealth,tracker.pedometer,2020-03-27 05:00:00.000,940a827c-2b38-4b5a-847d-8531e5649b13,1,
,2020-03-29 05:00:00.000,,100003,,2023-09-15 15:57:10.935,2023-09-15 15:57:10.935,,,tracker_pedometer_reward_target_achieved,UTC-0500,"{""mTarget"":6000,""mValue"":9716}",6+THe69Q8P,com.sec.android.app.shealth,tracker.pedometer,2020-03-29 05:00:00.000,19d1da72-ca90-4f92-a910-bd7af8cd68e5,1,
,2020-03-31 05:00:00.000,,100003,,2023-09-15 15:57:10.935,2023-09-15 15:57:10.935,,,tracker_pedometer_reward_target_achieved,UTC-0500,"{""mTarget"":6000,""mValue"":6721}",6+THe69Q8P,com.sec.android.app.shealth,tracker.pedometer,2020-03-31 05:00:00.000,2dfc09d0-1ac5-4151-a44b-e0f48ca3af81,1,
,2020-04-01 05:00:00.000,,100003,,2023-09-15 15:57:10.935,2023-09-15 15:57:10.935,,,tracker_pedometer_reward_target_achieved,UTC-0500,"{""mTarget"":6000,""mValue"":14060}",6+THe69Q8P,com.sec.android.app.shealth,tracker.pedometer,2020-04-01 05:00:00.000,90fd3a4f-3cd3-4a29-821f-10020546c1b4,1,
,2020-04-02 05:00:00.000,,100003,,2023-09-15 15:57:10.935,2023-09-15 15:57:10.935,,,tracker_pedometer_reward_target_achieved,UTC-0500,"{""mTarget"":6000,""mValue"":13708}",6+THe69Q8P,com.sec.android.app.shealth,tracker.pedometer,2020-04-02 05:00:00.000,126a6b75-7b50-44c9-9e48-2e46c3d1c3dc,1,
,2020-04-03 05:00:00.000,,100003,,2023-09-15 15:57:10.935,2023-09-15 15:57:10.935,,,tracker_pedometer_reward_target_achieved,UTC-0500,"{""mTarget"":6000,""mValue"":7683}",6+THe69Q8P,com.sec.android.app.shealth,tracker.pedometer,2020-04-03 05:00:00.000,7382b70c-14c9-4e2f-927c-415d9ff5a4df,1,
,2020-04-04 05:00:00.000,,100003,,2023-09-15 15:57:10.936,2023-09-15 15:57:10.936,,,tracker_pedometer_reward_target_achieved,UTC-0500,"{""mTarget"":6000,""mValue"":13489}",6+THe69Q8P,com.sec.android.app.shealth,tracker.pedometer,2020-04-04 05:00:00.000,86804283-cb08-4e75-963c-5a43031ef280,1,
,2020-04-06 05:00:00.000,,100003,,2023-09-15 15:57:10.936,2023-09-15 15:57:10.936,,,tracker_pedometer_reward_target_achieved,UTC-0500,"{""mTarget"":6000,""mValue"":8556}",6+THe69Q8P,com.sec.android.app.shealth,tracker.pedometer,2020-04-06 05:00:00.000,c0c3431c-e7ce-4893-8f27-25296b2dd9ca,1,
,2020-04-13 05:00:00.000,,100003,,2023-09-15 15:57:10.936,2023-09-15 15:57:10.936,,,tracker_pedometer_reward_target_achieved,UTC-0500,"{""mTarget"":6000,""mValue"":6586}",6+THe69Q8P,com.sec.android.app.shealth,tracker.pedometer,2020-04-13 05:00:00.000,ebf44177-3443-47bb-b249-ea228a3772f2,1,
,2020-04-14 05:00:00.000,,100003,,2023-09-15 15:57:10.936,2023-09-15 15:57:10.936,,,tracker_pedometer_reward_target_achieved,UTC-0500,"{""mTarget"":6000,""mValue"":9300}",6+THe69Q8P,com.sec.android.app.shealth,tracker.pedometer,2020-04-14 05:00:00.000,d4a9779f-b318-40ad-b469-352fe2caee20,1,
,2020-04-16 05:00:00.000,,100003,,2023-09-15 15:57:10.936,2023-09-15 15:57:10.936,,,tracker_pedometer_reward_target_achieved,UTC-0500,"{""mTarget"":6000,""mValue"":8617}",6+THe69Q8P,com.sec.android.app.shealth,tracker.pedometer,2020-04-16 05:00:00.000,ed2a7c76-8550-48c8-b231-d3addcf33a45,1,
,2020-04-25 05:00:00.000,,100003,,2023-09-15 15:57:10.936,2023-09-15 15:57:10.936,,,tracker_pedometer_reward_target_achieved,UTC-0500,"{""mTarget"":6000,""mValue"":8344}",6+THe69Q8P,com.sec.android.app.shealth,tracker.pedometer,2020-04-25 05:00:00.000,54866a17-6b7b-4f9b-a61d-f5e2364b8af8,1,
,2020-05-01 05:00:00.000,,100003,,2023-09-15 15:57:10.936,2023-09-15 15:57:10.936,,,tracker_pedometer_reward_target_achieved,UTC-0500,"{""mTarget"":6000,""mValue"":6701}",6+THe69Q8P,com.sec.android.app.shealth,tracker.pedometer,2020-05-01 05:00:00.000,76aafb2e-e168-47f3-b66d-edb2c681ac53,1,
,2020-05-02 05:00:00.000,,100003,,2023-09-15 15:57:10.936,2023-09-15 15:57:10.936,,,tracker_pedometer_reward_target_achieved,UTC-0500,"{""mTarget"":6000,""mValue"":7317}",6+THe69Q8P,com.sec.android.app.shealth,tracker.pedometer,2020-05-02 05:00:00.000,2daa71aa-0ff6-49c0-9b23-c6aad3b5074f,1,
,2020-05-09 05:00:00.000,,100003,,2023-09-15 15:57:10.936,2023-09-15 15:57:10.936,,,tracker_pedometer_reward_target_achieved,UTC-0500,"{""mTarget"":6000,""mValue"":10919}",6+THe69Q8P,com.sec.android.app.shealth,tracker.pedometer,2020-05-09 05:00:00.000,48ffbd1a-c881-41fe-ab61-f63537da63bc,1,
,2020-05-12 05:00:00.000,,100003,,2023-09-15 15:57:10.937,2023-09-15 15:57:10.937,,,tracker_pedometer_reward_target_achieved,UTC-0500,"{""mTarget"":6000,""mValue"":6108}",6+THe69Q8P,com.sec.android.app.shealth,tracker.pedometer,2020-05-12 05:00:00.000,80d420f6-d42d-4aa9-88fa-9a119ad9ef77,1,
,2020-05-20 05:00:00.000,,100003,,2023-09-15 15:57:10.937,2023-09-15 15:57:10.937,,,tracker_pedometer_reward_target_achieved,UTC-0500,"{""mTarget"":6000,""mValue"":7295}",6+THe69Q8P,com.sec.android.app.shealth,tracker.pedometer,2020-05-20 05:00:00.000,e14d4f62-c966-4a6e-af2f-fefc0d8f4827,1,
,2020-05-22 05:00:00.000,,100003,,2023-09-15 15:57:10.937,2023-09-15 15:57:10.937,,,tracker_pedometer_reward_target_achieved,UTC-0500,"{""mTarget"":6000,""mValue"":6541}",6+THe69Q8P,com.sec.android.app.shealth,tracker.pedometer,2020-05-22 05:00:00.000,0b3d1d6d-506f-4c05-950a-7ce9289b6172,1,
,2020-06-10 05:00:00.000,,100003,,2023-09-15 15:57:10.937,2023-09-15 15:57:10.937,,,tracker_pedometer_reward_target_achieved,UTC-0500,"{""mTarget"":6000,""mValue"":6257}",6+THe69Q8P,com.sec.android.app.shealth,tracker.pedometer,2020-06-10 05:00:00.000,aa3f1d29-5902-4584-937b-9b77fa96032b,1,
,2020-06-11 05:00:00.000,,100003,,2023-09-15 15:57:10.937,2023-09-15 15:57:10.937,,,tracker_pedometer_reward_target_achieved,UTC-0500,"{""mTarget"":6000,""mValue"":6548}",6+THe69Q8P,com.sec.android.app.shealth,tracker.pedometer,2020-06-11 05:00:00.000,de614af9-4553-4206-9628-af92f2083fdc,1,
,2020-06-22 05:00:00.000,,100003,,2023-09-15 15:57:10.937,2023-09-15 15:57:10.937,,,tracker_pedometer_reward_target_achieved,UTC-0500,"{""mTarget"":6000,""mValue"":13705}",6+THe69Q8P,com.sec.android.app.shealth,tracker.pedometer,2020-06-22 05:00:00.000,aa808eca-164f-4f3a-b02b-04b799ffa680,1,
,2020-07-01 05:00:00.000,,100003,,2023-09-15 15:57:10.937,2023-09-15 15:57:10.937,,,tracker_pedometer_reward_target_achieved,UTC-0500,"{""mTarget"":6000,""mValue"":6368}",6+THe69Q8P,com.sec.android.app.shealth,tracker.pedometer,2020-07-01 05:00:00.000,c33e9772-ff2d-4fd9-8bd3-6f4a79c87c5b,1,
,2020-07-02 05:00:00.000,,100003,,2023-09-15 15:57:10.938,2023-09-15 15:57:10.938,,,tracker_pedometer_reward_target_achieved,UTC-0500,"{""mTarget"":6000,""mValue"":7402}",6+THe69Q8P,com.sec.android.app.shealth,tracker.pedometer,2020-07-02 05:00:00.000,c722e255-ffa9-4dea-84f9-be18f987c901,1,
,2020-07-13 05:00:00.000,,100003,,2023-09-15 15:57:10.938,2023-09-15 15:57:10.938,,,tracker_pedometer_reward_target_achieved,UTC-0500,"{""mTarget"":6000,""mValue"":7563}",6+THe69Q8P,com.sec.android.app.shealth,tracker.pedometer,2020-07-13 05:00:00.000,301298b7-f2fb-4865-8bf8-d77310e44750,1,
,2020-08-06 05:00:00.000,,100003,,2023-09-15 15:57:10.938,2023-09-15 15:57:10.938,,,tracker_pedometer_reward_target_achieved,UTC-0500,"{""mTarget"":6000,""mValue"":9595}",6+THe69Q8P,com.sec.android.app.shealth,tracker.pedometer,2020-08-06 05:00:00.000,6eb7bc56-35ec-48fb-a3ed-010fcbe9b6f1,1,
,2020-09-17 05:00:00.000,,100003,,2023-09-15 15:57:10.938,2023-09-15 15:57:10.938,,,tracker_pedometer_reward_target_achieved,UTC-0500,"{""mTarget"":6000,""mValue"":12484}",6+THe69Q8P,com.sec.android.app.shealth,tracker.pedometer,2020-09-17 05:00:00.000,b6e6672d-201e-44b8-a236-ce42bb9b8a14,1,
,2020-09-19 05:00:00.000,,100003,,2023-09-15 15:57:10.938,2023-09-15 15:57:10.938,,,tracker_pedometer_reward_target_achieved,UTC-0500,"{""mTarget"":6000,""mValue"":8009}",6+THe69Q8P,com.sec.android.app.shealth,tracker.pedometer,2020-09-19 05:00:00.000,9511ca21-3fd1-41f3-9552-62bed2f4f9ab,1,
,2020-09-23 05:00:00.000,,100003,,2023-09-15 15:57:10.938,2023-09-15 15:57:10.938,,,tracker_pedometer_reward_target_achieved,UTC-0500,"{""mTarget"":6000,""mValue"":7153}",6+THe69Q8P,com.sec.android.app.shealth,tracker.pedometer,2020-09-23 05:00:00.000,addf2472-9b7a-4bde-ab72-ca5b8e4423e8,1,
,2020-09-26 05:00:00.000,,100003,,2023-09-15 15:57:10.938,2023-09-15 15:57:10.938,,,tracker_pedometer_reward_target_achieved,UTC-0500,"{""mTarget"":6000,""mValue"":6306}",6+THe69Q8P,com.sec.android.app.shealth,tracker.pedometer,2020-09-26 05:00:00.000,8d23fd99-2369-46f9-9827-ac4315a520a8,1,
,2020-09-27 05:00:00.000,,100003,,2023-09-15 15:57:10.938,2023-09-15 15:57:10.938,,,tracker_pedometer_reward_target_achieved,UTC-0500,"{""mTarget"":6000,""mValue"":7110}",6+THe69Q8P,com.sec.android.app.shealth,tracker.pedometer,2020-09-27 05:00:00.000,ad846b5d-0b5c-4500-a56f-c77677d1287e,1,
,2020-11-02 06:00:00.000,,100003,,2023-09-15 15:57:10.938,2023-09-15 15:57:10.938,,,tracker_pedometer_reward_target_achieved,UTC-0600,"{""mTarget"":6000,""mValue"":6632}",6+THe69Q8P,com.sec.android.app.shealth,tracker.pedometer,2020-11-02 06:00:00.000,b82b762b-5afb-4e3d-90ce-fceae92dc1b9,1,
,2021-03-02 06:00:00.000,,100003,,2023-09-15 15:57:10.939,2023-09-15 15:57:10.939,,,tracker_pedometer_reward_target_achieved,UTC-0600,"{""mTarget"":6000,""mValue"":11659}",6+THe69Q8P,com.sec.android.app.shealth,tracker.pedometer,2021-03-02 06:00:00.000,a46fb592-4c33-44fe-b5ed-b76d1114c2f8,1,
,2021-04-12 05:00:00.000,,100003,,2023-09-15 15:57:10.939,2023-09-15 15:57:10.939,,,tracker_pedometer_reward_target_achieved,UTC-0500,"{""mTarget"":6000,""mValue"":6541}",6+THe69Q8P,com.sec.android.app.shealth,tracker.pedometer,2021-04-12 05:00:00.000,ea945aa9-106a-44f9-80b8-5043392a35f9,1,
,2021-04-19 05:00:00.000,,100003,,2023-09-15 15:57:10.939,2023-09-15 15:57:10.939,,,tracker_pedometer_reward_target_achieved,UTC-0500,"{""mTarget"":6000,""mValue"":6087}",6+THe69Q8P,com.sec.android.app.shealth,tracker.pedometer,2021-04-19 05:00:00.000,7e367a07-6e40-4f30-9f6e-f6c96eff0d38,1,
,2021-06-06 05:00:00.000,,100003,,2023-09-15 15:57:10.939,2023-09-15 15:57:10.939,,,tracker_pedometer_reward_target_achieved,UTC-0500,"{""mTarget"":6000,""mValue"":6264}",6+THe69Q8P,com.sec.android.app.shealth,tracker.pedometer,2021-06-06 05:00:00.000,1b56007d-985f-4ebc-96fe-7912d1cb55cd,1,
,2021-06-08 05:00:00.000,,100003,,2023-09-15 15:57:10.939,2023-09-15 15:57:10.939,,,tracker_pedometer_reward_target_achieved,UTC-0500,"{""mTarget"":6000,""mValue"":7032}",6+THe69Q8P,com.sec.android.app.shealth,tracker.pedometer,2021-06-08 05:00:00.000,09f3c1bb-4331-4fc5-b7a8-0ca9fe6f7945,1,
,2021-06-10 05:00:00.000,,100003,,2023-09-15 15:57:10.939,2023-09-15 15:57:10.939,,,tracker_pedometer_reward_target_achieved,UTC-0500,"{""mTarget"":6000,""mValue"":6208}",6+THe69Q8P,com.sec.android.app.shealth,tracker.pedometer,2021-06-10 05:00:00.000,723bf0b2-6ca7-41f3-913c-9c8342d8a978,1,
,2021-06-11 05:00:00.000,,100003,,2023-09-15 15:57:10.939,2023-09-15 15:57:10.939,,,tracker_pedometer_reward_target_achieved,UTC-0500,"{""mTarget"":6000,""mValue"":6006}",6+THe69Q8P,com.sec.android.app.shealth,tracker.pedometer,2021-06-11 05:00:00.000,4575c6a5-79cd-4c03-a6f3-e06ec00de5fc,1,
,2021-07-13 05:00:00.000,,100003,,2023-09-15 15:57:10.939,2023-09-15 15:57:10.939,,,tracker_pedometer_reward_target_achieved,UTC-0500,"{""mTarget"":6000,""mValue"":7057}",6+THe69Q8P,com.sec.android.app.shealth,tracker.pedometer,2021-07-13 05:00:00.000,cadde532-63b7-4803-b851-1a35a0c9c930,1,
,2021-07-15 05:00:00.000,,100003,,2023-09-15 15:57:10.940,2023-09-15 15:57:10.940,,,tracker_pedometer_reward_target_achieved,UTC-0500,"{""mTarget"":6000,""mValue"":13940}",6+THe69Q8P,com.sec.android.app.shealth,tracker.pedometer,2021-07-15 05:00:00.000,405c8dc1-da49-4d59-a438-369ba2edc098,1,
,2021-07-16 05:00:00.000,,100003,,2023-09-15 15:57:10.940,2023-09-15 15:57:10.940,,,tracker_pedometer_reward_target_achieved,UTC-0500,"{""mTarget"":6000,""mValue"":9756}",6+THe69Q8P,com.sec.android.app.shealth,tracker.pedometer,2021-07-16 05:00:00.000,4c518d76-d412-4d21-8fa7-d4729a5a7c2a,1,
,2021-08-25 05:00:00.000,,100003,,2023-09-15 15:57:10.940,2023-09-15 15:57:10.940,,,tracker_pedometer_reward_target_achieved,UTC-0500,"{""mTarget"":6000,""mValue"":9535}",6+THe69Q8P,com.sec.android.app.shealth,tracker.pedometer,2021-08-25 05:00:00.000,b4e1947d-12bf-4002-addd-6f223e26b071,1,
,2021-09-18 05:00:00.000,,100003,,2023-09-15 15:57:10.940,2023-09-15 15:57:10.940,,,tracker_pedometer_reward_target_achieved,UTC-0500,"{""mTarget"":6000,""mValue"":7536}",6+THe69Q8P,com.sec.android.app.shealth,tracker.pedometer,2021-09-18 05:00:00.000,8e64d9dc-3de0-4085-b4c1-69bec1e89f51,1,
,2021-09-22 05:00:00.000,,100003,,2023-09-15 15:57:10.940,2023-09-15 15:57:10.940,,,tracker_pedometer_reward_target_achieved,UTC-0500,"{""mTarget"":6000,""mValue"":6173}",6+THe69Q8P,com.sec.android.app.shealth,tracker.pedometer,2021-09-22 05:00:00.000,b4420c45-ba48-4915-8418-831f8a999426,1,
,2021-10-05 05:00:00.000,,100003,,2023-09-15 15:57:10.940,2023-09-15 15:57:10.940,,,tracker_pedometer_reward_target_achieved,UTC-0500,"{""mTarget"":6000,""mValue"":6096}",6+THe69Q8P,com.sec.android.app.shealth,tracker.pedometer,2021-10-05 05:00:00.000,cb95ae14-aa5f-45b2-98df-190f5af15c2a,1,
,2021-10-11 05:00:00.000,,100003,,2023-09-15 15:57:10.940,2023-09-15 15:57:10.940,,,tracker_pedometer_reward_target_achieved,UTC-0500,"{""mTarget"":6000,""mValue"":7240}",6+THe69Q8P,com.sec.android.app.shealth,tracker.pedometer,2021-10-11 05:00:00.000,248c531e-ef95-45a4-bbbd-315827774c22,1,
,2021-10-12 05:00:00.000,,100003,,2023-09-15 15:57:10.940,2023-09-15 15:57:10.940,,,tracker_pedometer_reward_target_achieved,UTC-0500,"{""mTarget"":6000,""mValue"":8662}",6+THe69Q8P,com.sec.android.app.shealth,tracker.pedometer,2021-10-12 05:00:00.000,dd893617-ea9f-4ac4-98c8-9dc0f1c2c0d5,1,
,2021-12-11 06:00:00.000,,100003,,2023-09-15 15:57:10.940,2023-09-15 15:57:10.940,,,tracker_pedometer_reward_target_achieved,UTC-0600,"{""mTarget"":6000,""mValue"":6818}",6+THe69Q8P,com.sec.android.app.shealth,tracker.pedometer,2021-12-11 06:00:00.000,fb3f66d8-b23c-4734-8a12-5760260b7b55,1,
,2021-12-12 06:00:00.000,,100003,,2023-09-15 15:57:10.940,2023-09-15 15:57:10.940,,,tracker_pedometer_reward_target_achieved,UTC-0600,"{""mTarget"":6000,""mValue"":8456}",6+THe69Q8P,com.sec.android.app.shealth,tracker.pedometer,2021-12-12 06:00:00.000,a79b057b-79f6-4823-a3bc-e5eefe15901d,1,
,2021-12-13 06:00:00.000,,100003,,2023-09-15 15:57:10.941,2023-09-15 15:57:10.941,,,tracker_pedometer_reward_target_achieved,UTC-0600,"{""mTarget"":6000,""mValue"":10831}",6+THe69Q8P,com.sec.android.app.shealth,tracker.pedometer,2021-12-13 06:00:00.000,2b7ec80a-4687-4f17-8fd0-9ae9319bad35,1,
,2021-12-15 06:00:00.000,,100003,,2023-09-15 15:57:10.941,2023-09-15 15:57:10.941,,,tracker_pedometer_reward_target_achieved,UTC-0600,"{""mTarget"":6000,""mValue"":6588}",6+THe69Q8P,com.sec.android.app.shealth,tracker.pedometer,2021-12-15 06:00:00.000,82020d14-d882-4416-befd-21037945f66a,1,
,2021-12-18 06:00:00.000,,100003,,2023-09-15 15:57:10.941,2023-09-15 15:57:10.941,,,tracker_pedometer_reward_target_achieved,UTC-0600,"{""mTarget"":6000,""mValue"":7203}",6+THe69Q8P,com.sec.android.app.shealth,tracker.pedometer,2021-12-18 06:00:00.000,56b2cb94-3529-43ef-ba57-7288c90a355f,1,
,2021-12-23 06:00:00.000,,100003,,2023-09-15 15:57:10.941,2023-09-15 15:57:10.941,,,tracker_pedometer_reward_target_achieved,UTC-0600,"{""mTarget"":6000,""mValue"":7671}",6+THe69Q8P,com.sec.android.app.shealth,tracker.pedometer,2021-12-23 06:00:00.000,283af9f8-e2c8-4f0b-96bd-637fa9fee57f,1,
,2021-12-27 06:00:00.000,,100003,,2023-09-15 15:57:10.941,2023-09-15 15:57:10.941,,,tracker_pedometer_reward_target_achieved,UTC-0600,"{""mTarget"":6000,""mValue"":6670}",6+THe69Q8P,com.sec.android.app.shealth,tracker.pedometer,2021-12-27 06:00:00.000,e736d731-4b95-443b-8b2c-c3dc50ad2efc,1,
,2021-12-28 06:00:00.000,,100003,,2023-09-15 15:57:10.941,2023-09-15 15:57:10.941,,,tracker_pedometer_reward_target_achieved,UTC-0600,"{""mTarget"":6000,""mValue"":7348}",6+THe69Q8P,com.sec.android.app.shealth,tracker.pedometer,2021-12-28 06:00:00.000,f95f0fa3-59d7-4a26-87b5-11419f719b9c,1,
,2022-01-01 06:00:00.000,,100003,,2023-09-15 15:57:10.941,2023-09-15 15:57:10.941,,,tracker_pedometer_reward_target_achieved,UTC-0600,"{""mTarget"":6000,""mValue"":6046}",6+THe69Q8P,com.sec.android.app.shealth,tracker.pedometer,2022-01-01 06:00:00.000,57231f6d-a962-4219-afe5-2b9a552d3f6e,1,
,2022-01-15 06:00:00.000,,100003,,2023-09-15 15:57:10.942,2023-09-15 15:57:10.942,,,tracker_pedometer_reward_target_achieved,UTC-0600,"{""mTarget"":6000,""mValue"":7923}",6+THe69Q8P,com.sec.android.app.shealth,tracker.pedometer,2022-01-15 06:00:00.000,c7749281-91a2-4594-b6b1-8231acc413e7,1,
,2022-01-16 06:00:00.000,,100003,,2023-09-15 15:57:10.942,2023-09-15 15:57:10.942,,,tracker_pedometer_reward_target_achieved,UTC-0600,"{""mTarget"":6000,""mValue"":7481}",6+THe69Q8P,com.sec.android.app.shealth,tracker.pedometer,2022-01-16 06:00:00.000,65908083-f9e7-4d48-b1c0-94c7a526db93,1,
,2022-01-18 06:00:00.000,,100003,,2023-09-15 15:57:10.942,2023-09-15 15:57:10.942,,,tracker_pedometer_reward_target_achieved,UTC-0600,"{""mTarget"":6000,""mValue"":6028}",6+THe69Q8P,com.sec.android.app.shealth,tracker.pedometer,2022-01-18 06:00:00.000,a38e05f5-d8be-4fd4-9ea3-8a7bcaf09e07,1,
,2022-05-16 05:00:00.000,,100003,,2023-09-15 15:57:10.942,2023-09-15 15:57:10.942,,,tracker_pedometer_reward_target_achieved,UTC-0500,"{""mTarget"":6000,""mValue"":7447}",6+THe69Q8P,com.sec.android.app.shealth,tracker.pedometer,2022-05-16 05:00:00.000,37840df9-2235-4ccc-90ce-e4c23b1d4a11,1,
,2022-06-02 05:00:00.000,,100003,,2023-09-15 15:57:10.942,2023-09-15 15:57:10.942,,,tracker_pedometer_reward_target_achieved,UTC-0500,"{""mTarget"":6000,""mValue"":6341}",6+THe69Q8P,com.sec.android.app.shealth,tracker.pedometer,2022-06-02 05:00:00.000,90f2c924-68cc-4bee-886e-19bb6b7c1455,1,
,2022-07-01 05:00:00.000,,100003,,2023-09-15 15:57:10.942,2023-09-15 15:57:10.942,,,tracker_pedometer_reward_target_achieved,UTC-0500,"{""mTarget"":6000,""mValue"":7781}",6+THe69Q8P,com.sec.android.app.shealth,tracker.pedometer,2022-07-01 05:00:00.000,2965ab57-1334-4be5-982b-7808cd3405d3,1,
,2022-07-03 05:00:00.000,,100003,,2023-09-15 15:57:10.942,2023-09-15 15:57:10.942,,,tracker_pedometer_reward_target_achieved,UTC-0500,"{""mTarget"":6000,""mValue"":6955}",6+THe69Q8P,com.sec.android.app.shealth,tracker.pedometer,2022-07-03 05:00:00.000,2ac0c038-8ffc-48e5-bf5b-7a40770707f5,1,
,2023-05-09 05:00:00.000,,100003,,2023-09-15 15:57:10.942,2023-09-15 15:57:10.942,,,tracker_pedometer_reward_target_achieved,UTC-0500,"{""mTarget"":6000,""mValue"":6817}",6+THe69Q8P,com.sec.android.app.shealth,tracker.pedometer,2023-05-09 05:00:00.000,c3d5d78d-11b0-40b6-abac-72f42b8ba68a,1,
,2023-05-13 05:00:00.000,,100003,,2023-09-15 15:57:10.942,2023-09-15 15:57:10.942,,,tracker_pedometer_reward_target_achieved,UTC-0500,"{""mTarget"":6000,""mValue"":6154}",6+THe69Q8P,com.sec.android.app.shealth,tracker.pedometer,2023-05-13 05:00:00.000,949dd13c-f19a-4be5-8f7e-32f5809db63b,1,
,2023-08-23 05:00:00.000,,100003,,2023-09-15 15:57:10.943,2023-09-15 15:57:10.943,,,tracker_pedometer_reward_target_achieved,UTC-0500,"{""mTarget"":6000,""mValue"":6664}",6+THe69Q8P,com.sec.android.app.shealth,tracker.pedometer,2023-08-23 05:00:00.000,be9c1a8f-e3bc-4b04-a1be-4186fde108e6,1,
,2019-11-01 05:00:00.000,,100003,,2023-09-15 15:57:10.943,2023-09-15 15:57:10.943,,,tracker_pedometer_reward_most_walking_day,UTC-0500,"{""mTarget"":-1,""mValue"":15259}",6+THe69Q8P,com.sec.android.app.shealth,tracker.pedometer,2019-11-01 05:00:00.000,d269272f-1860-41e5-a088-d42e65b00482,1,
,2019-10-20 07:00:00.000,,100003,,2019-10-30 05:20:20.785,2019-10-30 05:20:20.785,,,tracker_pedometer_reward_most_walking_day,UTC-0700,"{""mTarget"":-1,""mValue"":12222}",rkSVQ0chfP,com.sec.android.app.shealth,tracker.pedometer,2019-10-20 07:00:00.000,5f7df655-68fd-405e-93bf-adb1ca4f70b2,1,
,2019-10-13 07:00:00.000,,10009,,2019-10-30 05:20:20.182,2019-10-30 05:20:19.116,,,tracker_pedometer_reward_target_achieved,UTC-0700,"{""mTarget"":6000,""mValue"":6319}",rkSVQ0chfP,com.sec.android.app.shealth,tracker.pedometer,2019-10-13 07:00:00.000,4282feac-4c5d-494e-b9ac-e51348196410,1,
,2019-10-20 07:00:00.000,,10009,,2019-10-30 05:20:20.285,2019-10-30 05:20:19.116,,,tracker_pedometer_reward_target_achieved,UTC-0700,"{""mTarget"":6000,""mValue"":9177}",rkSVQ0chfP,com.sec.android.app.shealth,tracker.pedometer,2019-10-20 07:00:00.000,df632e36-a5b7-44b5-a1bb-46e98ee11a46,1,
,2019-10-24 07:00:00.000,,10009,,2019-10-30 07:00:01.905,2019-10-30 05:20:19.116,,,tracker_pedometer_reward_target_achieved,UTC-0700,"{""mTarget"":6000,""mValue"":6523}",rkSVQ0chfP,com.sec.android.app.shealth,tracker.pedometer,2019-10-24 07:00:00.000,dddb1de0-e799-4d92-8801-b04e0b03c307,1,
,2019-10-20 07:00:00.000,,100003,,2019-10-30 05:20:20.790,2019-10-30 05:20:20.790,,,tracker_pedometer_reward_most_walking_day,UTC-0700,"{""mTarget"":-1,""mValue"":12222}",rkSVQ0chfP,com.sec.android.app.shealth,tracker.pedometer,2019-10-20 07:00:00.000,0f92676d-a7e8-4683-91e9-a1c3152fb4b3,1,
,2019-11-01 07:00:00.000,,1899999,,2019-11-02 09:16:33.940,2019-11-02 03:02:50.340,,,tracker_pedometer_reward_most_walking_day,UTC-0700,"{""mTarget"":-1,""mValue"":13863}",rkSVQ0chfP,com.sec.android.app.shealth,tracker.pedometer,2019-11-01 07:00:00.000,8be05c6d-9c56-4a66-86cb-16eeaf7d3a34,1,
,2019-10-20 07:00:00.000,,100003,,2019-11-02 06:11:27.954,2019-11-02 06:11:27.954,,,tracker_pedometer_reward_most_walking_day,UTC-0700,"{""mTarget"":-1,""mValue"":12222}",rkSVQ0chfP,com.sec.android.app.shealth,tracker.pedometer,2019-10-20 07:00:00.000,c4a03e86-bb0e-4055-88c9-34dca7467757,1,
,2019-11-01 07:00:00.000,,100003,,2019-11-02 09:16:34.282,2019-11-02 05:21:48.033,,,tracker_pedometer_reward_most_walking_day,UTC-0700,"{""mTarget"":-1,""mValue"":15259}",rkSVQ0chfP,com.sec.android.app.shealth,tracker.pedometer,2019-11-01 07:00:00.000,b937959a-57b1-4dae-a4f5-30592edf3c15,1,
,2019-11-01 13:35:00.000,,,,2019-11-06 12:15:10.886,2019-11-06 12:15:10.886,,,goal_sleep_TYPE_GOAL_DAILY_WAKEUP_TIME,UTC-0700,1,rkSVQ0chfP,com.sec.android.app.shealth,Sleep.Goal,2019-11-01 05:05:00.000,9b3e80e3-4698-4429-be45-4774f16dc51e,1,
,2019-11-06 09:45:00.000,,,,2019-11-06 12:15:10.885,2019-11-06 12:15:10.885,,,goal_sleep_TYPE_GOAL_DAILY_BED_TIME,UTC-0700,2,rkSVQ0chfP,com.sec.android.app.shealth,Sleep.Goal,2019-11-06 06:13:00.000,5ab687fa-24d7-4d70-af3f-cdd49d1365f3,1,
,2019-11-03 15:03:00.000,,,,2019-11-06 12:15:10.885,2019-11-06 12:15:10.885,,,goal_sleep_TYPE_GOAL_DAILY_BED_TIME,UTC-0700,1,rkSVQ0chfP,com.sec.android.app.shealth,Sleep.Goal,2019-11-03 05:47:00.000,7466589f-8e75-438a-b33c-642e8adedb44,0,
,2019-10-13 07:00:00.000,,100003,,2019-11-08 08:55:12.995,2019-10-30 05:20:20.776,,,tracker_pedometer_reward_target_achieved,UTC-0700,"{""mTarget"":6000,""mValue"":7925}",rkSVQ0chfP,com.sec.android.app.shealth,tracker.pedometer,2019-10-13 07:00:00.000,a39aee5e-18cf-47df-9286-e700c5e890c2,1,
,2019-10-23 07:00:00.000,,100003,,2019-11-08 08:55:12.131,2019-10-30 05:20:20.787,,,tracker_pedometer_reward_target_achieved,UTC-0700,"{""mTarget"":6000,""mValue"":6942}",rkSVQ0chfP,com.sec.android.app.shealth,tracker.pedometer,2019-10-23 07:00:00.000,f875d775-bfa2-495f-bc14-a52f0b53a87e,1,
,2019-10-21 07:00:00.000,,1899999,,2019-11-08 08:55:08.882,2019-10-30 05:20:19.121,,,tracker_pedometer_reward_target_achieved,UTC-0700,"{""mTarget"":6000,""mValue"":7260}",rkSVQ0chfP,com.sec.android.app.shealth,tracker.pedometer,2019-10-21 07:00:00.000,63f13868-ad9f-48cb-a46d-154c50b95c9a,1,
,2019-10-20 07:00:00.000,,100003,,2019-11-08 08:55:12.437,2019-10-30 05:20:20.787,,,tracker_pedometer_reward_target_achieved,UTC-0700,"{""mTarget"":6000,""mValue"":12222}",rkSVQ0chfP,com.sec.android.app.shealth,tracker.pedometer,2019-10-20 07:00:00.000,0d92b321-d386-482b-aaa4-13135e6d2045,1,
,2019-10-24 07:00:00.000,,100003,,2019-11-08 08:55:12.031,2019-10-30 05:20:20.788,,,tracker_pedometer_reward_target_achieved,UTC-0700,"{""mTarget"":6000,""mValue"":8497}",rkSVQ0chfP,com.sec.android.app.shealth,tracker.pedometer,2019-10-24 07:00:00.000,0646aee8-9eb7-41e2-9401-77a9d73b3dd1,1,
,2019-10-17 07:00:00.000,,100003,,2019-11-08 08:55:12.694,2019-10-30 05:20:20.780,,,tracker_pedometer_reward_target_achieved,UTC-0700,"{""mTarget"":6000,""mValue"":6837}",rkSVQ0chfP,com.sec.android.app.shealth,tracker.pedometer,2019-10-17 07:00:00.000,db5ca819-9337-481e-b46d-e79bd84e0531,1,
,2019-10-25 07:00:00.000,,100003,,2019-11-08 08:55:11.871,2019-10-30 05:20:20.789,,,tracker_pedometer_reward_target_achieved,UTC-0700,"{""mTarget"":6000,""mValue"":7465}",rkSVQ0chfP,com.sec.android.app.shealth,tracker.pedometer,2019-10-25 07:00:00.000,a81edc49-83fc-472c-85b6-c73a41d456d8,1,
,2019-10-31 07:00:00.000,,1899999,,2019-11-08 08:55:09.003,2019-11-01 07:15:42.326,,,tracker_pedometer_reward_target_achieved,UTC-0700,"{""mTarget"":6000,""mValue"":6099}",rkSVQ0chfP,com.sec.android.app.shealth,tracker.pedometer,2019-10-31 07:00:00.000,4cd3aea3-ed35-4e38-beff-bf71d3b19610,1,
,2019-11-01 07:00:00.000,,100003,,2019-11-08 08:55:11.123,2019-11-01 22:58:09.469,,,tracker_pedometer_reward_target_achieved,UTC-0700,"{""mTarget"":6000,""mValue"":15259}",rkSVQ0chfP,com.sec.android.app.shealth,tracker.pedometer,2019-11-01 07:00:00.000,ec740e1c-946c-4cb2-89a5-bef844f331a4,1,
,2019-10-31 07:00:00.000,,100003,,2019-11-08 08:55:11.205,2019-11-01 02:34:01.853,,,tracker_pedometer_reward_target_achieved,UTC-0700,"{""mTarget"":6000,""mValue"":6632}",rkSVQ0chfP,com.sec.android.app.shealth,tracker.pedometer,2019-10-31 07:00:00.000,dba3a161-7dae-4906-a192-ba84e0762792,1,
,2019-11-07 07:00:00.000,,100003,,2019-11-08 08:55:10.600,2019-11-08 06:12:59.778,,,tracker_pedometer_reward_target_achieved,UTC-0700,"{""mTarget"":6000,""mValue"":6923}",rkSVQ0chfP,com.sec.android.app.shealth,tracker.pedometer,2019-11-07 07:00:00.000,1b127bb7-bb2f-419f-940b-b8e8f5646212,1,
,2019-10-21 07:00:00.000,,100003,,2019-11-08 08:55:12.338,2019-10-30 05:20:20.787,,,tracker_pedometer_reward_target_achieved,UTC-0700,"{""mTarget"":6000,""mValue"":8558}",rkSVQ0chfP,com.sec.android.app.shealth,tracker.pedometer,2019-10-21 07:00:00.000,b8caaf7c-90f2-4e7d-81de-0900faa0ec37,1,
,2019-10-29 07:00:00.000,,100003,,2019-11-08 08:55:11.498,2019-10-30 05:20:20.789,,,tracker_pedometer_reward_target_achieved,UTC-0700,"{""mTarget"":6000,""mValue"":7740}",rkSVQ0chfP,com.sec.android.app.shealth,tracker.pedometer,2019-10-29 07:00:00.000,4f683f0c-aa95-4b73-a85d-9d1d6cc5ee98,1,
,2019-10-29 07:00:00.000,,1899999,,2019-11-08 08:55:09.091,2019-10-30 05:35:34.577,,,tracker_pedometer_reward_target_achieved,UTC-0700,"{""mTarget"":6000,""mValue"":6828}",rkSVQ0chfP,com.sec.android.app.shealth,tracker.pedometer,2019-10-29 07:00:00.000,e48537f6-4a22-4eac-b822-98fd905fe35e,1,
,2019-10-18 07:00:00.000,,100003,,2019-11-08 08:55:12.604,2019-10-30 05:20:20.783,,,tracker_pedometer_reward_target_achieved,UTC-0700,"{""mTarget"":6000,""mValue"":6982}",rkSVQ0chfP,com.sec.android.app.shealth,tracker.pedometer,2019-10-18 07:00:00.000,381639c5-8e4e-44d1-afb6-986f653e81c1,1,
,2019-10-12 07:00:00.000,,100003,,2019-11-08 08:55:13.129,2019-10-30 05:20:20.776,,,tracker_pedometer_reward_target_achieved,UTC-0700,"{""mTarget"":6000,""mValue"":6887}",rkSVQ0chfP,com.sec.android.app.shealth,tracker.pedometer,2019-10-12 07:00:00.000,29cbc92f-f1bc-41aa-9b6f-8e3fe7ac371b,1,
,2019-11-01 07:00:00.000,,1899999,,2019-11-08 08:55:09.023,2019-11-01 22:58:10.267,,,tracker_pedometer_reward_target_achieved,UTC-0700,"{""mTarget"":6000,""mValue"":13863}",rkSVQ0chfP,com.sec.android.app.shealth,tracker.pedometer,2019-11-01 07:00:00.000,512f21fe-f516-4fa6-889e-f6c884c011e1,1,
,2019-11-05 07:00:00.000,,100003,,2019-11-08 08:55:10.087,2019-11-06 08:55:09.187,,,tracker_pedometer_reward_target_achieved,UTC-0700,"{""mTarget"":6000,""mValue"":6031}",rkSVQ0chfP,com.sec.android.app.shealth,tracker.pedometer,2019-11-05 07:00:00.000,c5c6b523-5e6d-431d-9ce3-83d96aebf698,1,
