com.samsung.shealth.tracker.floors_day_summary,6305105,1
create_sh_ver,binning_data,modify_sh_ver,update_time,create_time,floor_count,version_code,deviceuuid,pkg_name,datauuid,day_time
62810050,c22b7613-8ff5-454c-b544-8aed78c1e352.binning_data.json,62810050,2024-10-23 16:51:12.816,2024-10-23 16:51:12.816,0,2,6+THe69Q8P,com.sec.android.app.shealth,c22b7613-8ff5-454c-b544-8aed78c1e352,1729641600000,
62810050,,62810050,2024-10-23 16:51:12.840,2024-10-23 16:51:12.840,7,1,6+THe69Q8P,com.sec.android.app.shealth,c24a7c51-64d7-4a9b-91d6-4f7bc5a362da,1596326400000,
62810050,,62810050,2024-10-23 16:51:12.853,2024-10-23 16:51:12.853,3,1,6+THe69Q8P,com.sec.android.app.shealth,c9c4cbe2-bbbf-4f04-a833-108c5ee9791c,1684022400000,
62810050,,62810050,2024-10-23 16:51:12.860,2024-10-23 16:51:12.860,1,1,6+THe69Q8P,com.sec.android.app.shealth,690ac08f-f16e-494a-9d61-36200c6b7990,1592870400000,
62810050,,62810050,2024-10-23 16:51:12.871,2024-10-23 16:51:12.871,2,1,6+THe69Q8P,com.sec.android.app.shealth,9373a2cf-9fff-4268-8ca4-48bbc647e51c,1594598400000,
62810050,,62810050,2024-10-23 16:51:12.878,2024-10-23 16:51:12.878,2,1,6+THe69Q8P,com.sec.android.app.shealth,bb2a724a-aabd-4ec9-b597-9ba9f25136a4,1588204800000,
62810050,,62810050,2024-10-23 16:51:12.888,2024-10-23 16:51:12.888,8,1,6+THe69Q8P,com.sec.android.app.shealth,40963cca-6234-4f10-95d7-f5398898cfc9,1571529600000,
62810050,,62810050,2024-10-23 16:51:12.892,2024-10-23 16:51:12.892,8,1,6+THe69Q8P,com.sec.android.app.shealth,dbba759e-4c63-49e7-a6ec-68808080cea5,1693267200000,
62810050,,62810050,2024-10-23 16:51:12.898,2024-10-23 16:51:12.898,1,1,6+THe69Q8P,com.sec.android.app.shealth,409afece-2822-4fa6-9df2-df36df9c47a4,1592265600000,
62810050,,62810050,2024-10-23 16:51:12.902,2024-10-23 16:51:12.902,11,1,6+THe69Q8P,com.sec.android.app.shealth,de39c08d-3e66-42d4-b12d-e6a67d31a596,1588809600000,
62810050,,62810050,2024-10-23 16:51:12.906,2024-10-23 16:51:12.906,3,1,6+THe69Q8P,com.sec.android.app.shealth,68491f12-67d9-48bd-a410-d2807a3ca9e5,1590537600000,
62810050,,62810050,2024-10-23 16:51:12.931,2024-10-23 16:51:12.931,3,1,6+THe69Q8P,com.sec.android.app.shealth,1cbadc51-88e4-4302-96e3-9954545cc829,1591056000000,
62810050,,62810050,2024-10-23 16:51:12.941,2024-10-23 16:51:12.941,3,1,6+THe69Q8P,com.sec.android.app.shealth,9ac04c91-5e89-4356-ac24-98aa2b1afe5e,1592784000000,
62810050,,62810050,2024-10-23 16:51:12.948,2024-10-23 16:51:12.948,6,1,6+THe69Q8P,com.sec.android.app.shealth,7aaec195-0213-41df-bb94-fc87ed5bb25f,1594512000000,
62810050,,62810050,2024-10-23 16:51:12.954,2024-10-23 16:51:12.954,1,1,6+THe69Q8P,com.sec.android.app.shealth,947a295a-1904-42a0-98ab-ac8a060123f0,1596240000000,
62810050,,62810050,2024-10-23 16:51:12.959,2024-10-23 16:51:12.959,15,1,6+THe69Q8P,com.sec.android.app.shealth,0a12a2e1-981a-4e54-81ae-5302643b62a8,1587600000000,
62810050,,62810050,2024-10-23 16:51:12.963,2024-10-23 16:51:12.963,1,1,6+THe69Q8P,com.sec.android.app.shealth,d23f5ab2-3c91-4064-9e84-d46521067807,1589328000000,
62810050,,62810050,2024-10-23 16:51:12.967,2024-10-23 16:51:12.967,2,1,6+THe69Q8P,com.sec.android.app.shealth,70b0e8af-146a-47be-924a-3fadeb5f2c4c,1584144000000,
62810050,,62810050,2024-10-23 16:51:12.971,2024-10-23 16:51:12.971,1,1,6+THe69Q8P,com.sec.android.app.shealth,d6b6d58e-09f5-458a-a131-68608fbadd29,1585872000000,
62810050,,62810050,2024-10-23 16:51:12.975,2024-10-23 16:51:12.975,15,1,6+THe69Q8P,com.sec.android.app.shealth,17cbaa4d-2ec8-496c-bdd6-3f9fd6e8cfdd,1570838400000,
62810050,,62810050,2024-10-23 16:51:12.980,2024-10-23 16:51:12.980,1,1,6+THe69Q8P,com.sec.android.app.shealth,4eb71df5-51c8-4d9f-be9b-1195f2496bf9,1572048000000,
62810050,,62810050,2024-10-23 16:51:12.985,2024-10-23 16:51:12.985,1,1,6+THe69Q8P,com.sec.android.app.shealth,3bd05978-d834-44d6-a72c-f0e9d76b208c,1592179200000,
62810050,,62810050,2024-10-23 16:51:12.989,2024-10-23 16:51:12.989,1,1,6+THe69Q8P,com.sec.android.app.shealth,46a84fdc-cb34-4c75-b224-87ea4da653d3,1600819200000,
62810050,,62810050,2024-10-23 16:51:12.993,2024-10-23 16:51:12.993,2,1,6+THe69Q8P,com.sec.android.app.shealth,61f0d36b-d496-49a4-814b-c871581967e8,1691625600000,
62810050,,62810050,2024-10-23 16:51:12.998,2024-10-23 16:51:12.998,3,1,6+THe69Q8P,com.sec.android.app.shealth,69ef84c1-1516-4f8c-9304-a07e699d98b6,1675468800000,
62810050,,62810050,2024-10-23 16:51:13.002,2024-10-23 16:51:13.002,2,1,6+THe69Q8P,com.sec.android.app.shealth,9eee7b02-a566-4b5f-87da-2a1cf59b08c1,1653004800000,
62810050,,62810050,2024-10-23 16:51:13.006,2024-10-23 16:51:13.006,4,1,6+THe69Q8P,com.sec.android.app.shealth,d547798d-497a-4936-af13-d6d1d14d7368,1589846400000,
62810050,,62810050,2024-10-23 16:51:13.010,2024-10-23 16:51:13.010,5,1,6+THe69Q8P,com.sec.android.app.shealth,2a51dcd8-eff4-4b05-9ec9-059faa095d20,1588118400000,
62810050,,62810050,2024-10-23 16:51:13.015,2024-10-23 16:51:13.015,3,1,6+THe69Q8P,com.sec.android.app.shealth,1a06dfa7-afef-42fe-b056-92070831d11a,1614643200000,
62810050,,62810050,2024-10-23 16:51:13.027,2024-10-23 16:51:13.027,3,1,6+THe69Q8P,com.sec.android.app.shealth,2c45fd3c-f8b8-4ace-9015-4e2a0a98a4ed,1584662400000,
62810050,,62810050,2024-10-23 16:51:13.039,2024-10-23 16:51:13.039,1,1,6+THe69Q8P,com.sec.android.app.shealth,f8f0d436-4425-4238-bef0-6b23a6442f23,1582934400000,
62810050,,62810050,2024-10-23 16:51:13.043,2024-10-23 16:51:13.043,2,1,6+THe69Q8P,com.sec.android.app.shealth,097fc321-507d-48a6-810b-fd738026c906,1588636800000,
62810050,,62810050,2024-10-23 16:51:13.050,2024-10-23 16:51:13.050,3,1,6+THe69Q8P,com.sec.android.app.shealth,67a0f790-b510-4f09-afe2-1085ff8dd8aa,1653609600000,
62810050,,62810050,2024-10-23 16:51:13.054,2024-10-23 16:51:13.054,1,1,6+THe69Q8P,com.sec.android.app.shealth,2b059297-d698-4312-b723-22367c58b21a,1691107200000,
62810050,,62810050,2024-10-23 16:51:13.063,2024-10-23 16:51:13.063,4,1,6+THe69Q8P,com.sec.android.app.shealth,168bc5f2-95d3-4bb0-82fd-e34ff3c3207c,1585180800000,
62810050,,62810050,2024-10-23 16:51:13.069,2024-10-23 16:51:13.069,1,1,6+THe69Q8P,com.sec.android.app.shealth,40f54f79-b5ec-43f2-98b3-11bfaab90807,1583452800000,
62810050,,62810050,2024-10-23 16:51:13.073,2024-10-23 16:51:13.073,2,1,6+THe69Q8P,com.sec.android.app.shealth,38af6716-0f10-405f-978b-4c2fb5b1e330,1613433600000,
62810050,,62810050,2024-10-23 16:51:13.078,2024-10-23 16:51:13.078,1,1,6+THe69Q8P,com.sec.android.app.shealth,b30cf60c-a05a-4b6c-a822-d6e5b06fcc96,1587513600000,
62810050,,62810050,2024-10-23 16:51:13.082,2024-10-23 16:51:13.082,15,1,6+THe69Q8P,com.sec.android.app.shealth,28e7bf0d-77f8-4a9c-ba5c-287016e64310,1592697600000,
62810050,,62810050,2024-10-23 16:51:13.088,2024-10-23 16:51:13.088,1,1,6+THe69Q8P,com.sec.android.app.shealth,621518c9-59e7-4735-8b4e-856302ab6fef,1597881600000,
62810050,,62810050,2024-10-23 16:51:13.095,2024-10-23 16:51:13.095,2,1,6+THe69Q8P,com.sec.android.app.shealth,93ccace6-7cae-4e1e-b7af-fd3794f37a57,1590969600000,
62810050,,62810050,2024-10-23 16:51:13.101,2024-10-23 16:51:13.101,2,1,6+THe69Q8P,com.sec.android.app.shealth,2b54c8c1-5c90-4b39-82ae-9607c2d71e1d,1596672000000,
62810050,,62810050,2024-10-23 16:51:13.105,2024-10-23 16:51:13.105,4,1,6+THe69Q8P,com.sec.android.app.shealth,f179ac80-b8cb-4703-9821-10991975bc29,1588032000000,
62810050,,62810050,2024-10-23 16:51:13.111,2024-10-23 16:51:13.111,2,1,6+THe69Q8P,com.sec.android.app.shealth,f49fbdf0-42cf-4530-b143-141bf02442b7,1670371200000,
62810050,,62810050,2024-10-23 16:51:13.115,2024-10-23 16:51:13.115,2,1,6+THe69Q8P,com.sec.android.app.shealth,26797d5a-b7c2-41b6-8cb7-9f36a197e849,1691712000000,
62810050,,62810050,2024-10-23 16:51:13.118,2024-10-23 16:51:13.118,1,1,6+THe69Q8P,com.sec.android.app.shealth,071d59da-92e5-445c-ad0f-09b2b6b656cb,1571270400000,
62810050,,62810050,2024-10-23 16:51:13.122,2024-10-23 16:51:13.122,1,1,6+THe69Q8P,com.sec.android.app.shealth,d15e2fd4-4506-4577-9238-9cbc9532ccb5,1597276800000,
62810050,,62810050,2024-10-23 16:51:13.126,2024-10-23 16:51:13.126,2,1,6+THe69Q8P,com.sec.android.app.shealth,138e7422-a3d2-4aaa-8365-0702cdaa468c,1570752000000,
62810050,,62810050,2024-10-23 16:51:13.130,2024-10-23 16:51:13.130,3,1,6+THe69Q8P,com.sec.android.app.shealth,60175ea8-dd0c-4cc0-ab57-c39ad5c79b62,1594339200000,
62810050,,62810050,2024-10-23 16:51:13.135,2024-10-23 16:51:13.135,2,1,6+THe69Q8P,com.sec.android.app.shealth,97e1319d-0bd7-4264-87fe-8352a547becc,1585699200000,
62810050,,62810050,2024-10-23 16:51:13.140,2024-10-23 16:51:13.140,4,1,6+THe69Q8P,com.sec.android.app.shealth,fd747bb8-60dc-4386-a238-d84d5a9021b0,1583971200000,
62810050,,62810050,2024-10-23 16:51:13.143,2024-10-23 16:51:13.143,1,1,6+THe69Q8P,com.sec.android.app.shealth,11006fea-9e6a-4e56-8047-d10927a75708,1671580800000,
62810050,,62810050,2024-10-23 16:51:13.147,2024-10-23 16:51:13.147,1,1,6+THe69Q8P,com.sec.android.app.shealth,0db68134-b36d-481c-a576-4641fd4c7898,1584489600000,
62810050,,62810050,2024-10-23 16:51:13.151,2024-10-23 16:51:13.151,5,1,6+THe69Q8P,com.sec.android.app.shealth,d0ef6742-3b17-430c-bf54-d2f845b10495,1582761600000,
62810050,,62810050,2024-10-23 16:51:13.155,2024-10-23 16:51:13.155,1,1,6+THe69Q8P,com.sec.android.app.shealth,f3c65d58-2a2e-41e3-a985-cc52f61cbc9d,1600646400000,
62810050,,62810050,2024-10-23 16:51:13.158,2024-10-23 16:51:13.158,3,1,6+THe69Q8P,com.sec.android.app.shealth,149f794c-89d8-4034-820b-8970509527b0,1696982400000,
62810050,,62810050,2024-10-23 16:51:13.162,2024-10-23 16:51:13.162,2,1,6+THe69Q8P,com.sec.android.app.shealth,d0b03464-db7f-445f-a027-008f7c4cf3aa,1571788800000,
62810050,,62810050,2024-10-23 16:51:13.166,2024-10-23 16:51:13.166,1,1,6+THe69Q8P,com.sec.android.app.shealth,ca11154e-a6cf-4130-b53e-7c2c460aba15,1687737600000,
62810050,,62810050,2024-10-23 16:51:13.170,2024-10-23 16:51:13.170,3,1,6+THe69Q8P,com.sec.android.app.shealth,a0f79bbd-a06a-405f-a511-ef394d2d8b5c,1588550400000,
62810050,,62810050,2024-10-23 16:51:13.173,2024-10-23 16:51:13.173,2,1,6+THe69Q8P,com.sec.android.app.shealth,aab35573-1dbd-4689-893b-fee988518058,1585094400000,
62810050,,62810050,2024-10-23 16:51:13.177,2024-10-23 16:51:13.177,20,1,6+THe69Q8P,com.sec.android.app.shealth,f87a030c-f34f-43b9-a6d8-e351402e599f,1590796800000,
62810050,,62810050,2024-10-23 16:51:13.181,2024-10-23 16:51:13.181,1,1,6+THe69Q8P,com.sec.android.app.shealth,3cb1f301-c25d-41ef-84fe-439afda1a9ee,1623110400000,
62810050,,62810050,2024-10-23 16:51:13.184,2024-10-23 16:51:13.184,8,1,6+THe69Q8P,com.sec.android.app.shealth,834c89fe-36a8-41f8-9fc0-59a25f980f25,1667606400000,
62810050,,62810050,2024-10-23 16:51:13.188,2024-10-23 16:51:13.188,1,1,6+THe69Q8P,com.sec.android.app.shealth,d61e6c5b-2f5f-492f-8dbb-6b89a37cc70f,1587340800000,
62810050,,62810050,2024-10-23 16:51:13.192,2024-10-23 16:51:13.192,3,1,6+THe69Q8P,com.sec.android.app.shealth,2d4ed64f-9bf6-46f2-bb2e-02c00cacca8e,1613865600000,
62810050,,62810050,2024-10-23 16:51:13.195,2024-10-23 16:51:13.195,3,1,6+THe69Q8P,com.sec.android.app.shealth,853c723f-fe1c-407f-85e8-53284155470d,1713744000000,
62810050,,62810050,2024-10-23 16:51:13.198,2024-10-23 16:51:13.198,2,1,6+THe69Q8P,com.sec.android.app.shealth,4693c1a4-add9-4933-98b3-90668b85b642,1572393600000,
62810050,,62810050,2024-10-23 16:51:13.202,2024-10-23 16:51:13.202,6,1,6+THe69Q8P,com.sec.android.app.shealth,64bdb346-8192-4bf8-a201-03cf65a29303,1653782400000,
62810050,,62810050,2024-10-23 16:51:13.206,2024-10-23 16:51:13.206,9,1,6+THe69Q8P,com.sec.android.app.shealth,f255ef94-ba92-4dbe-a945-00f49fa59477,1588464000000,
62810050,,62810050,2024-10-23 16:51:13.209,2024-10-23 16:51:13.209,7,1,6+THe69Q8P,com.sec.android.app.shealth,3411b8cd-d3ae-4e59-b091-7c6f9eb64e49,1590192000000,
62810050,,62810050,2024-10-23 16:51:13.212,2024-10-23 16:51:13.212,4,1,6+THe69Q8P,com.sec.android.app.shealth,74fd8378-b266-4caa-bafd-4ed542492a3c,1585008000000,
62810050,,62810050,2024-10-23 16:51:13.216,2024-10-23 16:51:13.216,2,1,6+THe69Q8P,com.sec.android.app.shealth,6afa0443-f736-43ef-94b2-e6c33de72653,1652659200000,
62810050,,62810050,2024-10-23 16:51:13.219,2024-10-23 16:51:13.219,2,1,6+THe69Q8P,com.sec.android.app.shealth,c31a7cd5-65d8-4b19-b97e-e690923a3118,1594252800000,
62810050,,62810050,2024-10-23 16:51:13.222,2024-10-23 16:51:13.222,2,1,6+THe69Q8P,com.sec.android.app.shealth,daa74b9a-6197-45f7-9ef6-4befcc4a7b4f,1571702400000,
62810050,,62810050,2024-10-23 16:51:13.227,2024-10-23 16:51:13.227,5,1,6+THe69Q8P,com.sec.android.app.shealth,af169f07-c25f-4468-a2dc-62ceadbdcfb5,1587859200000,
62810050,,62810050,2024-10-23 16:51:13.230,2024-10-23 16:51:13.230,3,1,6+THe69Q8P,com.sec.android.app.shealth,f920a8fd-642a-49df-b8c8-04ed22234c82,1584403200000,
62810050,,62810050,2024-10-23 16:51:13.234,2024-10-23 16:51:13.234,2,1,6+THe69Q8P,com.sec.android.app.shealth,b8e543a1-25c8-4462-92c2-907824b5ea99,1582675200000,
62810050,,62810050,2024-10-23 16:51:13.237,2024-10-23 16:51:13.237,1,1,6+THe69Q8P,com.sec.android.app.shealth,89dd215b-9fcc-4f75-ae8a-5a23b3f67b69,1600560000000,
62810050,,62810050,2024-10-23 16:51:13.240,2024-10-23 16:51:13.240,3,1,6+THe69Q8P,com.sec.android.app.shealth,1977dc78-747c-438b-ae1e-4e185d01f53e,1623024000000,
62810050,,62810050,2024-10-23 16:51:13.244,2024-10-23 16:51:13.244,28,1,6+THe69Q8P,com.sec.android.app.shealth,d0c7e76d-e855-419c-bc65-96dda2c5e1f3,1590710400000,
62810050,,62810050,2024-10-23 16:51:13.247,2024-10-23 16:51:13.247,4,1,6+THe69Q8P,com.sec.android.app.shealth,717199c9-a202-4c2d-bfe0-9a865af06308,1683849600000,
62810050,,62810050,2024-10-23 16:51:13.250,2024-10-23 16:51:13.250,6,1,6+THe69Q8P,com.sec.android.app.shealth,957e13e4-a4d3-4c6b-a97e-7def7cf75250,1588982400000,
62810050,,62810050,2024-10-23 16:51:13.254,2024-10-23 16:51:13.254,2,1,6+THe69Q8P,com.sec.android.app.shealth,7fd1022b-0f8e-4ae6-8865-ad847368a350,1583798400000,
62810050,,62810050,2024-10-23 16:51:13.257,2024-10-23 16:51:13.257,4,1,6+THe69Q8P,com.sec.android.app.shealth,f30407de-62f2-4fbd-9d5c-daa0cf4140a5,1587254400000,
62810050,,62810050,2024-10-23 16:51:13.260,2024-10-23 16:51:13.260,1,1,6+THe69Q8P,com.sec.android.app.shealth,2f2f4665-3119-455a-81c6-1b6d8cd63526,1652745600000,
62810050,,62810050,2024-10-23 16:51:13.263,2024-10-23 16:51:13.263,13,1,6+THe69Q8P,com.sec.android.app.shealth,8a4149cc-c55b-4740-af26-4a0da02c2f73,1587772800000,
62810050,,62810050,2024-10-23 16:51:13.266,2024-10-23 16:51:13.266,4,1,6+THe69Q8P,com.sec.android.app.shealth,95ee9d9f-350b-4949-aeb0-16b92edd64c3,1589500800000,
62810050,,62810050,2024-10-23 16:51:13.269,2024-10-23 16:51:13.269,3,1,6+THe69Q8P,com.sec.android.app.shealth,cb8f3001-a447-420c-a297-289e452bfcea,1571097600000,
62810050,,62810050,2024-10-23 16:51:13.273,2024-10-23 16:51:13.273,3,1,6+THe69Q8P,com.sec.android.app.shealth,8009e184-5b6d-4241-badb-be00c9f9b332,1588377600000,
62810050,,62810050,2024-10-23 16:51:13.277,2024-10-23 16:51:13.277,24,1,6+THe69Q8P,com.sec.android.app.shealth,32c04707-48bf-4371-b089-f7509da88361,1591833600000,
62810050,,62810050,2024-10-23 16:51:13.280,2024-10-23 16:51:13.280,2,1,6+THe69Q8P,com.sec.android.app.shealth,ae0c1c33-950c-41b5-bf4d-84b31a0d4199,1593561600000,
62810050,,62810050,2024-10-23 16:51:13.283,2024-10-23 16:51:13.283,1,1,6+THe69Q8P,com.sec.android.app.shealth,2677a893-cc4d-4e5a-9e20-1ee68ab8dd4a,1613692800000,
62810050,,62810050,2024-10-23 16:51:13.287,2024-10-23 16:51:13.287,2,1,6+THe69Q8P,com.sec.android.app.shealth,b9bb4a38-0fa1-4eda-b39f-4aa4c80e82ca,1572134400000,
62810050,,62810050,2024-10-23 16:51:13.289,2024-10-23 16:51:13.289,2,1,6+THe69Q8P,com.sec.android.app.shealth,937f2958-6ee2-4d64-98cd-e8acd157c472,1592956800000,
62810050,,62810050,2024-10-23 16:51:13.292,2024-10-23 16:51:13.292,4,1,6+THe69Q8P,com.sec.android.app.shealth,a189ff46-1e05-48c0-b45d-c2c8b8d03180,1571616000000,
62810050,,62810050,2024-10-23 16:51:13.295,2024-10-23 16:51:13.295,13,1,6+THe69Q8P,com.sec.android.app.shealth,7059997b-2332-4598-af6b-6fb9ff95abdb,1591747200000,
62810050,,62810050,2024-10-23 16:51:13.298,2024-10-23 16:51:13.298,1,1,6+THe69Q8P,com.sec.android.app.shealth,2b062c5e-de93-40dc-b8a5-79477fb31fc9,1590019200000,
62810050,,62810050,2024-10-23 16:51:13.300,2024-10-23 16:51:13.300,13,1,6+THe69Q8P,com.sec.android.app.shealth,6129be9b-8782-46bc-a087-60d7a9242fa3,1588291200000,
62810050,,62810050,2024-10-23 16:51:13.304,2024-10-23 16:51:13.304,11,1,6+THe69Q8P,com.sec.android.app.shealth,7fcb20d9-1318-40e5-aade-1d5ffe74ab8a,1674172800000,
62810050,,62810050,2024-10-23 16:51:13.307,2024-10-23 16:51:13.307,2,1,6+THe69Q8P,com.sec.android.app.shealth,12baf415-411d-49cb-b141-dbae0f5bdde0,1571011200000,
