com.samsung.shealth.sleep,6305105,11
total_sleep_time_weight,original_efficiency,mental_recovery,wake_score,factor_01,factor_02,factor_03,factor_04,factor_05,factor_06,factor_07,factor_08,factor_09,factor_10,deep_score,integrated_id,latency_weight,has_sleep_data,bedtime_detection_delay,sleep_efficiency_with_latency,wakeup_time_detection_delay,total_rem_duration,combined_id,nap_score,sleep_type,sleep_latency,data_version,latency_score,deep_weight,rem_weight,physical_recovery,original_wake_up_time,movement_awakening,is_integrated,original_bed_time,goal_bed_time,quality,extra_data,wake_weight,rem_score,goal_wake_up_time,sleep_cycle,total_light_duration,efficiency,sleep_score,sleep_duration,stage_analyzed_type,total_sleep_time_score,com.samsung.health.sleep.create_sh_ver,com.samsung.health.sleep.start_time,com.samsung.health.sleep.custom,com.samsung.health.sleep.modify_sh_ver,com.samsung.health.sleep.update_time,com.samsung.health.sleep.create_time,com.samsung.health.sleep.client_data_id,com.samsung.health.sleep.client_data_ver,com.samsung.health.sleep.time_offset,com.samsung.health.sleep.deviceuuid,com.samsung.health.sleep.comment,com.samsung.health.sleep.pkg_name,com.samsung.health.sleep.end_time,com.samsung.health.sleep.datauuid
,,,,,,,,,,,,,,,,,0,,,,,,,,,,,,,,,,,,,,54984b26-ce31-8e5d-3c5c-8bf6449d62a3.extra_data.json,,,,,,86.0,,,,,,2020-03-20 06:54:00.000,,,2020-03-20 10:50:32.810,2020-03-20 10:50:32.810,,,UTC-0500,BfdGMJKwGJ,,com.sec.android.app.shealth,2020-03-20 10:50:00.000,54984b26-ce31-8e5d-3c5c-8bf6449d62a3,
,,,,,,,,,,,,,,,,,0,,,,,,,,,,,,,,,,,,,,153cdd7e-b5bf-f32b-88f9-da1e9cfac68e.extra_data.json,,,,,,93.0,,,,,,2020-03-24 08:00:00.000,,,2020-03-24 10:10:13.333,2020-03-24 10:10:13.333,,,UTC-0600,BfdGMJKwGJ,,com.sec.android.app.shealth,2020-03-24 10:08:00.000,153cdd7e-b5bf-f32b-88f9-da1e9cfac68e,
,,,,,,,,,,,,,,,,,0,,,,,,,,,,,,,,,,,,,,caf6cc34-4e00-4809-2396-04c82ce1eb91.extra_data.json,,,,,,87.0,,,,,,2020-03-24 10:17:00.000,,,2020-03-24 12:41:17.373,2020-03-24 12:41:17.373,,,UTC-0600,BfdGMJKwGJ,,com.sec.android.app.shealth,2020-03-24 12:36:00.000,caf6cc34-4e00-4809-2396-04c82ce1eb91,
,,,,,,,,,,,,,,,,,0,,,,,,,,,,,,,,,,,,,,1a6eb681-95ac-3b9a-250f-de189a0dd148.extra_data.json,,,,,,75.0,,,,,,2020-03-24 12:55:00.000,,,2020-03-24 13:35:58.410,2020-03-24 13:35:58.410,,,UTC-0600,BfdGMJKwGJ,,com.sec.android.app.shealth,2020-03-24 13:19:00.000,1a6eb681-95ac-3b9a-250f-de189a0dd148,
,,,,,,,,,,,,,,,,,0,,,,,,,,,,,,,,,,,,,,c95d8a87-faa9-ba1c-f573-a721e3e8576b.extra_data.json,,,,,,87.0,,,,,,2019-10-28 08:25:00.000,,,2019-10-28 14:58:40.335,2019-10-28 14:58:40.335,,,UTC-0700,BfdGMJKwGJ,,com.sec.android.app.shealth,2019-10-28 14:55:00.000,c95d8a87-faa9-ba1c-f573-a721e3e8576b,
,,,,,,,,,,,,,,,,,0,,,,,,,,,,,,,,,,,,,,772d21ff-0f56-e733-3c15-dda2dd209f17.extra_data.json,,,,,,85.0,,,,,,2019-11-04 18:22:00.000,,,2019-11-04 23:10:11.394,2019-11-04 23:10:11.394,,,UTC-0700,BfdGMJKwGJ,,com.sec.android.app.shealth,2019-11-04 23:09:00.000,772d21ff-0f56-e733-3c15-dda2dd209f17,
,,,,,,,,,,,,,,,,,0,,,,,,,,,,,,,,,,,,,,aab739ac-c168-d71b-6652-3575f90336cf.extra_data.json,,,,,,72.0,,,,,,2019-10-25 11:07:00.000,,,2019-10-25 14:24:46.316,2019-10-25 14:24:46.316,,,UTC-0500,BfdGMJKwGJ,,com.sec.android.app.shealth,2019-10-25 14:06:00.000,aab739ac-c168-d71b-6652-3575f90336cf,
,,,,,,,,,,,,,,,,,0,,,,,,,,,,,,,,,,,,,,fc175a39-4cb9-e04a-fc5a-9b2e148da305.extra_data.json,,,,,,86.0,,,,,,2019-10-23 10:47:00.000,,,2019-10-23 13:24:57.755,2019-10-23 13:24:57.755,,,UTC-0400,BfdGMJKwGJ,,com.sec.android.app.shealth,2019-10-23 13:17:00.000,fc175a39-4cb9-e04a-fc5a-9b2e148da305,
,,,,,,,,,,,,,,,,,0,,,,,,,,,,,,,,,,,,,,474ce266-b92a-cf20-7ca1-937230753a08.extra_data.json,,,,,,89.0,,,,,,2019-11-03 09:24:00.000,,,2019-11-03 15:10:19.432,2019-11-03 15:10:19.432,,,UTC-0700,BfdGMJKwGJ,,com.sec.android.app.shealth,2019-11-03 15:03:00.000,474ce266-b92a-cf20-7ca1-937230753a08,
,,,,,,,,,,,,,,,,,0,,,,,,,,,,,,,,,,,,,,905af64f-e2a2-11cd-f543-d60043c0dcdf.extra_data.json,,,,,,69.0,,,,,,2019-10-10 22:07:00.000,,,2019-10-11 04:40:18.412,2019-10-11 04:40:18.412,,,UTC-0400,BfdGMJKwGJ,,com.sec.android.app.shealth,2019-10-11 04:37:00.000,905af64f-e2a2-11cd-f543-d60043c0dcdf,
,,,,,,,,,,,,,,,,,0,,,,,,,,,,,,,,,,,,,,be004b53-b3c0-b086-ff65-617bf0f92f13.extra_data.json,,,,,,86.0,,,,,,2019-10-26 06:39:00.000,,,2019-10-26 12:40:23.397,2019-10-26 12:40:23.397,,,UTC-0500,BfdGMJKwGJ,,com.sec.android.app.shealth,2019-10-26 12:34:00.000,be004b53-b3c0-b086-ff65-617bf0f92f13,
,,,,,,,,,,,,,,,,,0,,,,,,,,,,,,,,,,,,,,2f411a92-daf1-6a6a-dbbd-9ef9cf6d776d.extra_data.json,,,,,,86.0,,,,,,2019-11-01 05:05:00.000,,,2019-11-01 13:38:18.383,2019-11-01 13:38:18.383,,,UTC-0700,BfdGMJKwGJ,,com.sec.android.app.shealth,2019-11-01 13:35:00.000,2f411a92-daf1-6a6a-dbbd-9ef9cf6d776d,
,,,,,,,,,,,,,,,,,0,,,,,,,,,,,,,,,,,,,,90f76861-b569-5f63-ed81-545f26ffe967.extra_data.json,,,,,,91.0,,,,,,2019-10-23 07:46:00.000,,,2019-10-23 10:30:15.300,2019-10-23 10:30:15.300,,,UTC-0400,BfdGMJKwGJ,,com.sec.android.app.shealth,2019-10-23 10:26:00.000,90f76861-b569-5f63-ed81-545f26ffe967,
,,,,,,,,,,,,,,,,,0,,,,,,,,,,,,,,,,,,,,19b36d58-d4f1-571d-fb5f-5e29c14beb4a.extra_data.json,,,,,,91.0,,,,,,2019-11-05 16:52:00.000,,,2019-11-05 18:41:33.349,2019-11-05 18:41:33.349,,,UTC-0700,BfdGMJKwGJ,,com.sec.android.app.shealth,2019-11-05 18:38:00.000,19b36d58-d4f1-571d-fb5f-5e29c14beb4a,
,,,,,,,,,,,,,,,,,0,,,,,,,,,,,,,,,,,,,,671651cc-494f-06f7-8ed7-2e7f5658efcc.extra_data.json,,,,,,81.0,,,,,,2019-10-28 23:54:00.000,,,2019-10-29 02:19:51.421,2019-10-29 02:19:51.421,,,UTC-0700,BfdGMJKwGJ,,com.sec.android.app.shealth,2019-10-29 02:17:00.000,671651cc-494f-06f7-8ed7-2e7f5658efcc,
,,,,,,,,,,,,,,,,,0,,,,,,,,,,,,,,,,,,,,c0f84949-f762-d3c8-560f-d9bab16bb6a4.extra_data.json,,,,,,86.0,,,,,,2019-10-24 07:05:00.000,,,2019-10-24 08:58:30.329,2019-10-24 08:58:30.329,,,UTC-0400,BfdGMJKwGJ,,com.sec.android.app.shealth,2019-10-24 08:54:00.000,c0f84949-f762-d3c8-560f-d9bab16bb6a4,
,,,,,,,,,,,,,,,,,0,,,,,,,,,,,,,,,,,,,,9073abee-0cf8-4b56-6487-693c83c1bfe3.extra_data.json,,,,,,83.0,,,,,,2019-10-30 07:02:00.000,,,2019-10-30 16:32:04.358,2019-10-30 16:32:04.358,,,UTC-0700,BfdGMJKwGJ,,com.sec.android.app.shealth,2019-10-30 16:21:00.000,9073abee-0cf8-4b56-6487-693c83c1bfe3,
,,,,,,,,,,,,,,,,,0,,,,,,,,,,,,,,,,,,,,a9719dc9-f9b1-5887-7ee1-e58f36a6f565.extra_data.json,,,,,,83.0,,,,,,2019-10-26 12:41:00.000,,,2019-10-26 14:38:51.325,2019-10-26 14:38:51.325,,,UTC-0500,BfdGMJKwGJ,,com.sec.android.app.shealth,2019-10-26 14:19:00.000,a9719dc9-f9b1-5887-7ee1-e58f36a6f565,
,,,,,,,,,,,,,,,,,0,,,,,,,,,,,,,,,,,,,,3408cce5-f6ea-31ff-d6f8-840e20d26922.extra_data.json,,,,,,63.0,,,,,,2019-10-28 21:58:00.000,,,2019-10-28 23:49:08.318,2019-10-28 23:49:08.318,,,UTC-0700,BfdGMJKwGJ,,com.sec.android.app.shealth,2019-10-28 23:42:00.000,3408cce5-f6ea-31ff-d6f8-840e20d26922,
,,,,,,,,,,,,,,,,,0,,,,,,,,,,,,,,,,,,,,f71c2a54-f7fe-05c6-c086-d2846382a67a.extra_data.json,,,,,,68.0,,,,,,2019-10-31 05:25:00.000,,,2019-10-31 07:39:24.371,2019-10-31 07:39:24.371,,,UTC-0700,BfdGMJKwGJ,,com.sec.android.app.shealth,2019-10-31 07:38:00.000,f71c2a54-f7fe-05c6-c086-d2846382a67a,
,,,,,,,,,,,,,,,,,0,,,,,,,,,,,,,,,,,,,,e2c1f4a5-33f8-a615-504d-8c581858d1d7.extra_data.json,,,,,,85.0,,,,,,2019-10-15 03:54:00.000,,,2019-10-15 09:17:04.356,2019-10-15 09:17:04.356,,,UTC-0400,BfdGMJKwGJ,,com.sec.android.app.shealth,2019-10-15 09:01:00.000,e2c1f4a5-33f8-a615-504d-8c581858d1d7,
,,,,,,,,,,,,,,,,,0,,,,,,,,,,,,,,,,,,,,23d93c73-99d8-eb29-92f1-6d21242a7be8.extra_data.json,,,,,,80.0,,,,,,2019-10-10 08:50:00.000,,,2019-10-10 13:28:11.375,2019-10-10 13:28:11.375,,,UTC-0400,BfdGMJKwGJ,,com.sec.android.app.shealth,2019-10-10 13:11:00.000,23d93c73-99d8-eb29-92f1-6d21242a7be8,
,,,,,,,,,,,,,,,,,0,,,,,,,,,,,,,,,,,,,,06a3afbd-b967-9931-a32a-e737b7846f05.extra_data.json,,,,,,87.0,,,,,,2019-11-02 08:53:00.000,,,2019-11-02 17:37:04.205,2019-11-02 17:37:04.205,,,UTC-0700,BfdGMJKwGJ,,com.sec.android.app.shealth,2019-11-02 17:37:00.000,06a3afbd-b967-9931-a32a-e737b7846f05,
,,,,,,,,,,,,,,,,,0,,,,,,,,,,,,,,,,,,,,b9bf5981-a52f-bab8-a5b5-f4dd4d18e70f.extra_data.json,,,,,,62.0,,,,,,2019-11-04 12:50:00.000,,,2019-11-04 13:22:18.298,2019-11-04 13:22:18.298,,,UTC-0700,BfdGMJKwGJ,,com.sec.android.app.shealth,2019-11-04 13:19:00.000,b9bf5981-a52f-bab8-a5b5-f4dd4d18e70f,
,,,,,,,,,,,,,,,,,0,,,,,,,,,,,,,,,,,,,,5db85923-82ff-5fc6-7e66-bb681bda9fd9.extra_data.json,,,,,,89.0,,,,,,2019-11-04 15:04:00.000,,,2019-11-04 18:21:49.464,2019-11-04 18:21:49.464,,,UTC-0700,BfdGMJKwGJ,,com.sec.android.app.shealth,2019-11-04 18:17:00.000,5db85923-82ff-5fc6-7e66-bb681bda9fd9,
,,,,,,,,,,,,,,,,,0,,,,,,,,,,,,,,,,,,,,213693ce-a42c-3281-b081-7e6f3ab4fd1e.extra_data.json,,,,,,76.0,,,,,,2019-10-14 12:25:00.000,,,2019-10-14 18:02:59.450,2019-10-14 18:02:59.450,,,UTC-0400,BfdGMJKwGJ,,com.sec.android.app.shealth,2019-10-14 17:49:00.000,213693ce-a42c-3281-b081-7e6f3ab4fd1e,
,,,,,,,,,,,,,,,,,0,,,,,,,,,,,,,,,,,,,,e4d72dd3-41fe-67d9-f0ca-8db5b89ece31.extra_data.json,,,,,,81.0,,,,,,2019-10-17 00:27:00.000,,,2019-10-17 05:36:06.342,2019-10-17 05:36:06.342,,,UTC-0500,BfdGMJKwGJ,,com.sec.android.app.shealth,2019-10-17 05:35:00.000,e4d72dd3-41fe-67d9-f0ca-8db5b89ece31,
,,,,,,,,,,,,,,,,,0,,,,,,,,,,,,,,,,,,,,cc6cdf99-4076-3e29-e10f-9c6fcc1afe5b.extra_data.json,,,,,,84.0,,,,,,2019-10-21 05:00:00.000,,,2019-10-21 13:09:47.375,2019-10-21 13:09:47.375,,,UTC-0500,BfdGMJKwGJ,,com.sec.android.app.shealth,2019-10-21 13:02:00.000,cc6cdf99-4076-3e29-e10f-9c6fcc1afe5b,
,,,,,,,,,,,,,,,,,0,,,,,,,,,,,,,,,,,,,,ad162c56-dd14-0cde-079f-910e3d5d3a2b.extra_data.json,,,,,,74.0,,,,,,2019-11-04 08:35:00.000,,,2019-11-04 09:50:24.784,2019-11-04 09:50:24.784,,,UTC-0700,BfdGMJKwGJ,,com.sec.android.app.shealth,2019-11-04 09:46:00.000,ad162c56-dd14-0cde-079f-910e3d5d3a2b,
,,,,,,,,,,,,,,,,,0,,,,,,,,,,,,,,,,,,,,ae17df7e-ab89-342c-36ec-d42b0cb1bf15.extra_data.json,,,,,,69.0,,,,,,2019-11-03 05:47:00.000,,,2019-11-03 07:48:43.297,2019-11-03 07:48:43.297,,,UTC-0700,BfdGMJKwGJ,,com.sec.android.app.shealth,2019-11-03 07:45:00.000,ae17df7e-ab89-342c-36ec-d42b0cb1bf15,
,,,,,,,,,,,,,,,,,0,,,,,,,,,,,,,,,,,,,,904d7d18-1a42-6124-8768-4eb8c3ffc727.extra_data.json,,,,,,80.0,,,,,,2019-10-29 10:12:00.000,,,2019-10-29 15:49:14.370,2019-10-29 15:49:14.370,,,UTC-0700,BfdGMJKwGJ,,com.sec.android.app.shealth,2019-10-29 15:38:00.000,904d7d18-1a42-6124-8768-4eb8c3ffc727,
,,,,,,,,,,,,,,,,,0,,,,,,,,,,,,,,,,,,,,d3d12ec0-dbe8-b7ba-721f-294408004233.extra_data.json,,,,,,68.0,,,,,,2019-10-25 14:26:00.000,,,2019-10-25 16:01:11.684,2019-10-25 16:01:11.684,,,UTC-0500,BfdGMJKwGJ,,com.sec.android.app.shealth,2019-10-25 15:59:00.000,d3d12ec0-dbe8-b7ba-721f-294408004233,
,,,,,,,,,,,,,,,,,0,,,,,,,,,,,,,,,,,,,,a9b4cd85-d570-b1e9-c2e4-c327f7c0a6ae.extra_data.json,,,,,,80.0,,,,,,2019-11-04 10:29:00.000,,,2019-11-04 12:49:08.350,2019-11-04 12:49:08.350,,,UTC-0700,BfdGMJKwGJ,,com.sec.android.app.shealth,2019-11-04 12:44:00.000,a9b4cd85-d570-b1e9-c2e4-c327f7c0a6ae,
,,,,,,,,,,,,,,,,,0,,,,,,,,,,,,,,,,,,,,8ae22366-c414-ae11-cc1d-2c53f26a990b.extra_data.json,,,,,,76.0,,,,,,2019-10-16 12:57:00.000,,,2019-10-16 18:12:00.453,2019-10-16 18:12:00.453,,,UTC-0500,BfdGMJKwGJ,,com.sec.android.app.shealth,2019-10-16 18:08:00.000,8ae22366-c414-ae11-cc1d-2c53f26a990b,
,,,,,,,,,,,,,,,,,0,,,,,,,,,,,,,,,,,,,,d2cbe8cf-ec22-6c38-b598-ae5ade8bf2ca.extra_data.json,,,,,,86.0,,,,,,2019-11-05 13:35:00.000,,,2019-11-05 16:51:02.241,2019-11-05 16:51:02.241,,,UTC-0700,BfdGMJKwGJ,,com.sec.android.app.shealth,2019-11-05 16:50:00.000,d2cbe8cf-ec22-6c38-b598-ae5ade8bf2ca,
,,,,,,,,,,,,,,,,,0,,,,,,,,,,,,,,,,,,,,f02c35c1-4634-c583-a814-379a3e6da12a.extra_data.json,,,,,,55.0,,,,,,2019-11-06 06:13:00.000,,,2019-11-06 10:04:06.335,2019-11-06 10:04:06.335,,,UTC-0700,BfdGMJKwGJ,,com.sec.android.app.shealth,2019-11-06 09:45:00.000,f02c35c1-4634-c583-a814-379a3e6da12a,
,,,,,,,,,,,,,,,,,0,,,,,,,,,,,,,,,,,,,,82c31b4b-3c69-ee02-f65e-8b62ef59bb84.extra_data.json,,,,,,86.0,,,,,,2020-03-03 22:01:00.000,,,2020-03-04 05:01:00.412,2020-03-04 05:01:00.412,,,UTC-0800,BfdGMJKwGJ,,com.sec.android.app.shealth,2020-03-04 04:48:00.000,82c31b4b-3c69-ee02-f65e-8b62ef59bb84,
,,,,,,,,,,,,,,,,,0,,,,,,,,,,,,,,,,,,,,f4d26449-ae88-066e-2607-d2bd4848006b.extra_data.json,,,,,,83.0,,,,,,2020-03-30 06:02:00.000,,,2020-03-30 07:51:03.465,2020-03-30 07:51:03.465,,,UTC-0700,BfdGMJKwGJ,,com.sec.android.app.shealth,2020-03-30 07:49:00.000,f4d26449-ae88-066e-2607-d2bd4848006b,
,,,,,,,,,,,,,,,,,0,,,,,,,,,,,,,,,,,,,,5ba38545-7fd5-d780-4303-daa123c22b61.extra_data.json,,,,,,90.0,,,,,,2020-04-01 12:31:00.000,,,2020-04-01 17:47:14.533,2020-04-01 17:47:14.533,,,UTC-0700,BfdGMJKwGJ,,com.sec.android.app.shealth,2020-04-01 17:40:00.000,5ba38545-7fd5-d780-4303-daa123c22b61,
,,,,,,,,,,,,,,,,,0,,,,,,,,,,,,,,,,,,,,ca48bdd4-dcb9-b2a8-b75e-3f40604df3f8.extra_data.json,,,,,,100.0,,,,,,2020-04-02 09:06:00.000,,,2020-04-02 11:59:25.328,2020-04-02 11:59:25.328,,,UTC-0700,BfdGMJKwGJ,,com.sec.android.app.shealth,2020-04-02 10:58:00.000,ca48bdd4-dcb9-b2a8-b75e-3f40604df3f8,
,,,,,,,,,,,,,,,,,0,,,,,,,,,,,,,,,,,,,,439555d0-4d41-bab6-367b-3a1ea2b81bbe.extra_data.json,,,,,,87.0,,,,,,2020-04-09 05:30:00.000,,,2020-04-09 12:27:55.369,2020-04-09 12:27:55.369,,,UTC-0700,BfdGMJKwGJ,,com.sec.android.app.shealth,2020-04-09 12:20:00.000,439555d0-4d41-bab6-367b-3a1ea2b81bbe,
,,,,,,,,,,,,,,,,,0,,,,,,,,,,,,,,,,,,,,67191d94-2833-6482-4bd0-9fac3931d426.extra_data.json,,,,,,92.0,,,,,,2020-04-12 13:09:00.000,,,2020-04-12 19:50:37.393,2020-04-12 19:50:37.393,,,UTC-0700,BfdGMJKwGJ,,com.sec.android.app.shealth,2020-04-12 19:44:00.000,67191d94-2833-6482-4bd0-9fac3931d426,
,,,,,,,,,,,,,,,,,0,,,,,,,,,,,,,,,,,,,,ba8f6a03-2cb2-5352-e62c-9016d4df884e.extra_data.json,,,,,,78.0,,,,,,2020-04-17 23:26:00.000,,,2020-04-18 03:22:35.735,2020-04-18 03:22:35.735,,,UTC-0700,BfdGMJKwGJ,,com.sec.android.app.shealth,2020-04-18 03:16:00.000,ba8f6a03-2cb2-5352-e62c-9016d4df884e,
,,,,,,,,,,,,,,,,,0,,,,,,,,,,,,,,,,,,,,21237ad0-d098-e6af-170f-d7833fd3091f.extra_data.json,,,,,,82.0,,,,,,2020-04-18 22:55:00.000,,,2020-04-19 02:28:37.339,2020-04-19 02:28:37.339,,,UTC-0700,BfdGMJKwGJ,,com.sec.android.app.shealth,2020-04-19 02:12:00.000,21237ad0-d098-e6af-170f-d7833fd3091f,
,,,,,,,,,,,,,,,,,0,,,,,,,,,,,,,,,,,,,,84d9e938-eb40-76ea-8d99-20193141e907.extra_data.json,,,,,,81.0,,,,,,2020-04-25 05:49:00.000,,,2020-04-25 11:04:43.387,2020-04-25 11:04:43.387,,,UTC-0700,BfdGMJKwGJ,,com.sec.android.app.shealth,2020-04-25 11:00:00.000,84d9e938-eb40-76ea-8d99-20193141e907,
,,,,,,,,,,,,,,,,,0,,,,,,,,,,,,,,,,,,,,ee95f8c3-0331-eb74-01f4-1e0543ef4362.extra_data.json,,,,,,77.0,,,,,,2020-04-27 00:59:00.000,,,2020-04-27 09:43:29.361,2020-04-27 09:43:29.361,,,UTC-0500,BfdGMJKwGJ,,com.sec.android.app.shealth,2020-04-27 09:36:00.000,ee95f8c3-0331-eb74-01f4-1e0543ef4362,
,,,,,,,,,,,,,,,,,0,,,,,,,,,,,,,,,,,,,,116221a8-0b94-a90a-e7ea-7a6c0e56248f.extra_data.json,,,,,,87.0,,,,,,2020-04-28 08:20:00.000,,,2020-04-28 10:46:55.331,2020-04-28 10:46:55.331,,,UTC-0500,BfdGMJKwGJ,,com.sec.android.app.shealth,2020-04-28 10:41:00.000,116221a8-0b94-a90a-e7ea-7a6c0e56248f,
,,,,,,,,,,,,,,,,,0,,,,,,,,,,,,,,,,,,,,60ab2e8d-b67f-af4c-1989-798f8c02d8a0.extra_data.json,,,,,,89.0,,,,,,2020-04-28 10:56:00.000,,,2020-04-28 12:59:25.282,2020-04-28 12:59:25.282,,,UTC-0500,BfdGMJKwGJ,,com.sec.android.app.shealth,2020-04-28 12:55:00.000,60ab2e8d-b67f-af4c-1989-798f8c02d8a0,
,,,,,,,,,,,,,,,,,0,,,,,,,,,,,,,,,,,,,,b6b7fb7d-2c0c-39cc-e637-0d520dd68055.extra_data.json,,,,,,86.0,,,,,,2020-05-02 12:11:00.000,,,2020-05-02 15:21:39.339,2020-05-02 15:21:39.339,,,UTC-0500,BfdGMJKwGJ,,com.sec.android.app.shealth,2020-05-02 15:04:00.000,b6b7fb7d-2c0c-39cc-e637-0d520dd68055,
,,,,,,,,,,,,,,,,,0,,,,,,,,,,,,,,,,,,,,06914ef3-0296-e0bd-29fc-9931c7b321c1.extra_data.json,,,,,,88.0,,,,,,2020-05-03 11:09:00.000,,,2020-05-03 13:57:37.317,2020-05-03 13:57:37.317,,,UTC-0600,BfdGMJKwGJ,,com.sec.android.app.shealth,2020-05-03 13:51:00.000,06914ef3-0296-e0bd-29fc-9931c7b321c1,
,,,,,,,,,,,,,,,,,0,,,,,,,,,,,,,,,,,,,,20da3d6c-3af8-51a0-05ce-51401c753d55.extra_data.json,,,,,,92.0,,,,,,2020-05-05 05:11:00.000,,,2020-05-05 09:43:45.323,2020-05-05 09:43:45.323,,,UTC-0700,BfdGMJKwGJ,,com.sec.android.app.shealth,2020-05-05 09:37:00.000,20da3d6c-3af8-51a0-05ce-51401c753d55,
,,,,,,,,,,,,,,,,,0,,,,,,,,,,,,,,,,,,,,68950505-f8af-34da-37bf-0ebe4398ba98.extra_data.json,,,,,,84.0,,,,,,2020-05-05 09:47:00.000,,,2020-05-05 13:26:15.484,2020-05-05 13:26:15.484,,,UTC-0700,BfdGMJKwGJ,,com.sec.android.app.shealth,2020-05-05 13:21:00.000,68950505-f8af-34da-37bf-0ebe4398ba98,
,,,,,,,,,,,,,,,,,0,,,,,,,,,,,,,,,,,,,,972e0f59-d505-0bd1-df13-6e2d91853ce0.extra_data.json,,,,,,82.0,,,,,,2020-05-08 05:19:00.000,,,2020-05-08 11:41:53.399,2020-05-08 11:41:53.399,,,UTC-0400,BfdGMJKwGJ,,com.sec.android.app.shealth,2020-05-08 11:37:00.000,972e0f59-d505-0bd1-df13-6e2d91853ce0,
,,,,,,,,,,,,,,,,,0,,,,,,,,,,,,,,,,,,,,e0a814cf-2b15-03e7-69a7-b71c435ba650.extra_data.json,,,,,,96.0,,,,,,2020-05-09 05:56:00.000,,,2020-05-09 07:24:52.403,2020-05-09 07:24:52.403,,,UTC-0400,BfdGMJKwGJ,,com.sec.android.app.shealth,2020-05-09 07:19:00.000,e0a814cf-2b15-03e7-69a7-b71c435ba650,
,,,,,,,,,,,,,,,,,0,,,,,,,,,,,,,,,,,,,,370744d2-b8d3-e99f-4351-eb2ba5fb77e9.extra_data.json,,,,,,89.0,,,,,,2020-05-09 07:29:00.000,,,2020-05-09 12:50:52.420,2020-05-09 12:50:52.420,,,UTC-0400,BfdGMJKwGJ,,com.sec.android.app.shealth,2020-05-09 12:46:00.000,370744d2-b8d3-e99f-4351-eb2ba5fb77e9,
,,,,,,,,,,,,,,,,,0,,,,,,,,,,,,,,,,,,,,972fa49d-a243-9b3a-2f0f-fa422637626f.extra_data.json,,,,,,92.0,,,,,,2020-05-10 10:16:00.000,,,2020-05-10 14:42:43.449,2020-05-10 14:42:43.449,,,UTC-0400,BfdGMJKwGJ,,com.sec.android.app.shealth,2020-05-10 14:24:00.000,972fa49d-a243-9b3a-2f0f-fa422637626f,
,,,,,,,,,,,,,,,,,1,,,,,,,,,,,,,,,,,,,,57a7f8ed-e259-48e3-8859-93f5034d1b36.extra_data.json,,,,,,85.0,,,,,,2020-05-10 15:55:00.000,,,2020-05-10 18:35:03.269,2020-05-10 18:35:03.269,,,UTC-0400,BfdGMJKwGJ,,com.sec.android.app.shealth,2020-05-10 17:59:00.000,57a7f8ed-e259-48e3-8859-93f5034d1b36,
,,,,,,,,,,,,,,,,,0,,,,,,,,,,,,,,,,,,,,bc0843dc-4116-fcbf-b0ac-833946b414aa.extra_data.json,,,,,,90.0,,,,,,2020-05-11 09:31:00.000,,,2020-05-11 15:35:58.402,2020-05-11 15:35:58.402,,,UTC-0400,BfdGMJKwGJ,,com.sec.android.app.shealth,2020-05-11 15:16:00.000,bc0843dc-4116-fcbf-b0ac-833946b414aa,
,,,,,,,,,,,,,,,,,0,,,,,,,,,,,,,,,,,,,,67d35680-bf6e-9c6f-6902-11d53f51b121.extra_data.json,,,,,,85.0,,,,,,2020-05-12 05:52:00.000,,,2020-05-12 14:11:10.407,2020-05-12 14:11:10.407,,,UTC-0400,BfdGMJKwGJ,,com.sec.android.app.shealth,2020-05-12 14:06:00.000,67d35680-bf6e-9c6f-6902-11d53f51b121,
,,,,,,,,,,,,,,,,,0,,,,,,,,,,,,,,,,,,,,5f9f85db-7929-9a28-4fd3-02cec898453d.extra_data.json,,,,,,90.0,,,,,,2020-05-13 10:10:00.000,,,2020-05-13 14:51:05.826,2020-05-13 14:51:05.826,,,UTC-0400,BfdGMJKwGJ,,com.sec.android.app.shealth,2020-05-13 14:45:00.000,5f9f85db-7929-9a28-4fd3-02cec898453d,
,,,,,,,,,,,,,,,,,0,,,,,,,,,,,,,,,,,,,,41acdcbe-e375-fdb0-cd91-e7458bd7afef.extra_data.json,,,,,,83.0,,,,,,2020-05-14 07:01:00.000,,,2020-05-14 10:46:19.963,2020-05-14 10:46:19.963,,,UTC-0400,BfdGMJKwGJ,,com.sec.android.app.shealth,2020-05-14 10:35:00.000,41acdcbe-e375-fdb0-cd91-e7458bd7afef,
,,,,,,,,,,,,,,,,,0,,,,,,,,,,,,,,,,,,,,100e29df-9bb7-dbf3-46d3-7a81861e8430.extra_data.json,,,,,,80.0,,,,,,2020-05-14 21:16:00.000,,,2020-05-15 01:21:27.069,2020-05-15 01:21:27.069,,,UTC-0500,BfdGMJKwGJ,,com.sec.android.app.shealth,2020-05-15 01:18:00.000,100e29df-9bb7-dbf3-46d3-7a81861e8430,
,,,,,,,,,,,,,,,,,0,,,,,,,,,,,,,,,,,,,,dbac5ce4-8ac9-4939-a371-cc9f6afdd0f6.extra_data.json,,,,,,88.0,,,,,,2020-05-28 07:47:00.000,,,2020-05-28 14:39:51.403,2020-05-28 14:39:51.403,,,UTC-0500,BfdGMJKwGJ,,com.sec.android.app.shealth,2020-05-28 14:27:00.000,dbac5ce4-8ac9-4939-a371-cc9f6afdd0f6,
,,,,,,,,,,,,,,,,,0,,,,,,,,,,,,,,,,,,,,efcb3c4f-aa17-ca25-dafa-3931be086f58.extra_data.json,,,,,,88.0,,,,,,2020-06-02 04:52:00.000,,,2020-06-02 14:06:01.349,2020-06-02 14:06:01.349,,,UTC-0700,BfdGMJKwGJ,,com.sec.android.app.shealth,2020-06-02 13:59:00.000,efcb3c4f-aa17-ca25-dafa-3931be086f58,
,,,,,,,,,,,,,,,,,0,,,,,,,,,,,,,,,,,,,,2a66640f-1550-43c9-1210-aefcee2cf024.extra_data.json,,,,,,90.0,,,,,,2020-06-11 19:37:00.000,,,2020-06-12 00:03:59.980,2020-06-12 00:03:59.980,,,UTC-0600,BfdGMJKwGJ,,com.sec.android.app.shealth,2020-06-11 23:58:00.000,2a66640f-1550-43c9-1210-aefcee2cf024,
,,,,,,,,,,,,,,,,,1,,,,,,,,,,,,,,,,,,,,f5d7434b-e917-5ef4-38a0-c15ed1b9469c.extra_data.json,,,,,,88.0,,,,,,2020-06-12 07:54:00.000,,,2020-06-12 13:00:41.383,2020-06-12 13:00:41.383,,,UTC-0600,BfdGMJKwGJ,,com.sec.android.app.shealth,2020-06-12 12:42:00.000,f5d7434b-e917-5ef4-38a0-c15ed1b9469c,
,,,,,,,,,,,,,,,,,0,,,,,,,,,,,,,,,,,,,,beee6d36-6368-165e-e107-d43b8aecd2c0.extra_data.json,,,,,,82.0,,,,,,2020-06-16 05:55:00.000,,,2020-06-16 10:13:16.356,2020-06-16 10:13:16.356,,,UTC-0600,BfdGMJKwGJ,,com.sec.android.app.shealth,2020-06-16 10:09:00.000,beee6d36-6368-165e-e107-d43b8aecd2c0,
,,,,,,,,,,,,,,,,,0,,,,,,,,,,,,,,,,,,,,bd3981b6-7562-8e31-33f6-9e38113d64b4.extra_data.json,,,,,,88.0,,,,,,2020-06-21 19:42:00.000,,,2020-06-21 21:01:13.703,2020-06-21 21:01:13.703,,,UTC-0500,BfdGMJKwGJ,,com.sec.android.app.shealth,2020-06-21 20:42:00.000,bd3981b6-7562-8e31-33f6-9e38113d64b4,
,,,,,,,,,,,,,,,,,0,,,,,,,,,,,,,,,,,,,,4f1dc180-79f3-e893-8310-58859ee92ede.extra_data.json,,,,,,81.0,,,,,,2020-06-21 21:58:00.000,,,2020-06-22 00:03:10.037,2020-06-22 00:03:10.037,,,UTC-0500,BfdGMJKwGJ,,com.sec.android.app.shealth,2020-06-22 00:03:00.000,4f1dc180-79f3-e893-8310-58859ee92ede,
,,,,,,,,,,,,,,,,,0,,,,,,,,,,,,,,,,,,,,fc2fd41b-3891-a2db-06e7-0da7b5abad57.extra_data.json,,,,,,85.0,,,,,,2020-06-22 00:14:00.000,,,2020-06-22 01:34:52.539,2020-06-22 01:34:52.539,,,UTC-0500,BfdGMJKwGJ,,com.sec.android.app.shealth,2020-06-22 01:29:00.000,fc2fd41b-3891-a2db-06e7-0da7b5abad57,
,,,,,,,,,,,,,,,,,0,,,,,,,,,,,,,,,,,,,,4c86123e-3839-beb6-1382-4988003d1b4a.extra_data.json,,,,,,68.0,,,,,,2020-06-22 06:25:00.000,,,2020-06-22 07:52:21.319,2020-06-22 07:52:21.319,,,UTC-0500,BfdGMJKwGJ,,com.sec.android.app.shealth,2020-06-22 07:48:00.000,4c86123e-3839-beb6-1382-4988003d1b4a,
,,,,,,,,,,,,,,,,,0,,,,,,,,,,,,,,,,,,,,c9459b91-0b45-09d5-4d9d-41ffe89fdbca.extra_data.json,,,,,,89.0,,,,,,2020-06-22 07:56:00.000,,,2020-06-22 11:52:07.430,2020-06-22 11:52:07.430,,,UTC-0500,BfdGMJKwGJ,,com.sec.android.app.shealth,2020-06-22 11:48:00.000,c9459b91-0b45-09d5-4d9d-41ffe89fdbca,
,,,,,,,,,,,,,,,,,0,,,,,,,,,,,,,,,,,,,,797fb0cf-34ad-2ee6-0531-0322e5c9830c.extra_data.json,,,,,,87.0,,,,,,2020-06-23 21:21:00.000,,,2020-06-24 00:42:57.416,2020-06-24 00:42:57.416,,,UTC-0500,BfdGMJKwGJ,,com.sec.android.app.shealth,2020-06-24 00:24:00.000,797fb0cf-34ad-2ee6-0531-0322e5c9830c,
,,,,,,,,,,,,,,,,,0,,,,,,,,,,,,,,,,,,,,e583cca8-ac37-b0de-71fe-38e9dd46f46f.extra_data.json,,,,,,77.0,,,,,,2020-06-24 20:40:00.000,,,2020-06-25 04:10:02.118,2020-06-25 04:10:02.118,,,UTC-0500,BfdGMJKwGJ,,com.sec.android.app.shealth,2020-06-25 04:03:00.000,e583cca8-ac37-b0de-71fe-38e9dd46f46f,
,,,,,,,,,,,,,,,,,0,,,,,,,,,,,,,,,,,,,,95a34936-353d-d79c-5437-ff47ad9d3da6.extra_data.json,,,,,,86.0,,,,,,2020-06-27 02:01:00.000,,,2020-06-27 05:16:56.000,2020-06-27 05:16:56.000,,,UTC-0600,BfdGMJKwGJ,,com.sec.android.app.shealth,2020-06-27 05:11:00.000,95a34936-353d-d79c-5437-ff47ad9d3da6,
,,,,,,,,,,,,,,,,,0,,,,,,,,,,,,,,,,,,,,75196534-697b-1460-08cd-af57d9c6e2f4.extra_data.json,,,,,,84.0,,,,,,2020-06-30 01:04:00.000,,,2020-06-30 09:30:17.488,2020-06-30 09:30:17.488,,,UTC-0500,BfdGMJKwGJ,,com.sec.android.app.shealth,2020-06-30 09:20:00.000,75196534-697b-1460-08cd-af57d9c6e2f4,
,,,,,,,,,,,,,,,,,1,,,,,,,,,,,,,,,,,,,,3d9d4a2f-2fa0-924f-5909-70b950240760.extra_data.json,,,,,,81.0,,,,,,2020-07-03 01:23:00.000,,,2020-07-03 11:10:07.385,2020-07-03 11:10:07.385,,,UTC-0700,BfdGMJKwGJ,,com.sec.android.app.shealth,2020-07-03 11:05:00.000,3d9d4a2f-2fa0-924f-5909-70b950240760,
,,,,,,,,,,,,,,,,,0,,,,,,,,,,,,,,,,,,,,7ea901b7-0206-65d8-a89b-c120e2d774e9.extra_data.json,,,,,,87.0,,,,,,2020-07-04 08:50:00.000,,,2020-07-04 11:39:25.309,2020-07-04 11:39:25.309,,,UTC-0700,BfdGMJKwGJ,,com.sec.android.app.shealth,2020-07-04 11:34:00.000,7ea901b7-0206-65d8-a89b-c120e2d774e9,
,,,,,,,,,,,,,,,,,0,,,,,,,,,,,,,,,,,,,,c0ff0f8a-eff7-7a86-d9a9-c34c453686a4.extra_data.json,,,,,,83.0,,,,,,2020-07-04 11:46:00.000,,,2020-07-04 14:34:52.331,2020-07-04 14:34:52.331,,,UTC-0700,BfdGMJKwGJ,,com.sec.android.app.shealth,2020-07-04 14:18:00.000,c0ff0f8a-eff7-7a86-d9a9-c34c453686a4,
,,,,,,,,,,,,,,,,,0,,,,,,,,,,,,,,,,,,,,774ab56f-8b4e-8da2-879d-bacf7b2ee941.extra_data.json,,,,,,87.0,,,,,,2020-07-10 04:40:00.000,,,2020-07-10 08:57:03.444,2020-07-10 08:57:03.444,,,UTC-0400,BfdGMJKwGJ,,com.sec.android.app.shealth,2020-07-10 08:41:00.000,774ab56f-8b4e-8da2-879d-bacf7b2ee941,
,,,,,,,,,,,,,,,,,0,,,,,,,,,,,,,,,,,,,,f7fb3c74-001c-2107-cbd7-be2c9878bcc1.extra_data.json,,,,,,90.0,,,,,,2020-07-11 13:13:00.000,,,2020-07-11 14:33:49.905,2020-07-11 14:33:49.905,,,UTC-0500,BfdGMJKwGJ,,com.sec.android.app.shealth,2020-07-11 14:17:00.000,f7fb3c74-001c-2107-cbd7-be2c9878bcc1,
,,,,,,,,,,,,,,,,,0,,,,,,,,,,,,,,,,,,,,7981b685-48e1-caae-1036-322f79b02171.extra_data.json,,,,,,91.0,,,,,,2020-07-11 14:35:00.000,,,2020-07-11 19:12:57.413,2020-07-11 19:12:57.413,,,UTC-0500,BfdGMJKwGJ,,com.sec.android.app.shealth,2020-07-11 19:00:00.000,7981b685-48e1-caae-1036-322f79b02171,
,,,,,,,,,,,,,,,,,0,,,,,,,,,,,,,,,,,,,,caa92803-55a4-e24d-87c9-b7d5fff34f8e.extra_data.json,,,,,,85.0,,,,,,2020-07-13 06:22:00.000,,,2020-07-13 13:19:55.295,2020-07-13 13:19:55.295,,,UTC-0600,BfdGMJKwGJ,,com.sec.android.app.shealth,2020-07-13 13:02:00.000,caa92803-55a4-e24d-87c9-b7d5fff34f8e,
,,,,,,,,,,,,,,,,,0,,,,,,,,,,,,,,,,,,,,87a3721b-1a3d-837d-7e82-51d4c5bcf959.extra_data.json,,,,,,93.0,,,,,,2020-07-13 19:47:00.000,,,2020-07-13 22:10:18.289,2020-07-13 22:10:18.289,,,UTC-0600,BfdGMJKwGJ,,com.sec.android.app.shealth,2020-07-13 22:03:00.000,87a3721b-1a3d-837d-7e82-51d4c5bcf959,
,,,,,,,,,,,,,,,,,0,,,,,,,,,,,,,,,,,,,,19f0c4ff-6eda-9d3c-b7fa-088a78ff5502.extra_data.json,,,,,,88.0,,,,,,2020-08-01 05:19:00.000,,,2020-08-01 11:21:30.409,2020-08-01 11:21:30.409,,,UTC-0500,BfdGMJKwGJ,,com.sec.android.app.shealth,2020-08-01 11:18:00.000,19f0c4ff-6eda-9d3c-b7fa-088a78ff5502,
,,,,,,,,,,,,,,,,,0,,,,,,,,,,,,,,,,,,,,0170430a-4cc3-ac7c-e570-c8cfc8644e28.extra_data.json,,,,,,86.0,,,,,,2020-08-05 10:34:00.000,,,2020-08-05 12:48:48.326,2020-08-05 12:48:48.326,,,UTC-0700,BfdGMJKwGJ,,com.sec.android.app.shealth,2020-08-05 12:44:00.000,0170430a-4cc3-ac7c-e570-c8cfc8644e28,
,,,,,,,,,,,,,,,,,0,,,,,,,,,,,,,,,,,,,,b845d128-902c-9078-778a-5bc8e53fbbae.extra_data.json,,,,,,88.0,,,,,,2020-08-07 04:55:00.000,,,2020-08-07 11:18:57.424,2020-08-07 11:18:57.424,,,UTC-0500,BfdGMJKwGJ,,com.sec.android.app.shealth,2020-08-07 11:12:00.000,b845d128-902c-9078-778a-5bc8e53fbbae,
,,,,,,,,,,,,,,,,,0,,,,,,,,,,,,,,,,,,,,4195e7a0-41ed-5329-9a59-ba203d5d7e4b.extra_data.json,,,,,,90.0,,,,,,2020-08-07 11:51:00.000,,,2020-08-07 15:02:55.302,2020-08-07 15:02:55.302,,,UTC-0500,BfdGMJKwGJ,,com.sec.android.app.shealth,2020-08-07 14:46:00.000,4195e7a0-41ed-5329-9a59-ba203d5d7e4b,
,,,,,,,,,,,,,,,,,0,,,,,,,,,,,,,,,,,,,,c5270dc0-ad7e-0097-393f-206483b73c7e.extra_data.json,,,,,,89.0,,,,,,2020-08-08 11:53:00.000,,,2020-08-08 16:13:26.314,2020-08-08 16:13:26.314,,,UTC-0500,BfdGMJKwGJ,,com.sec.android.app.shealth,2020-08-08 16:02:00.000,c5270dc0-ad7e-0097-393f-206483b73c7e,
,,,,,,,,,,,,,,,,,0,,,,,,,,,,,,,,,,,,,,afd0a76c-73d7-f5ff-3334-ee5670df9c5e.extra_data.json,,,,,,79.0,,,,,,2020-08-09 07:34:00.000,,,2020-08-09 13:35:47.337,2020-08-09 13:35:47.337,,,UTC-0500,BfdGMJKwGJ,,com.sec.android.app.shealth,2020-08-09 13:19:00.000,afd0a76c-73d7-f5ff-3334-ee5670df9c5e,
,,,,,,,,,,,,,,,,,0,,,,,,,,,,,,,,,,,,,,6125bc69-1350-64c5-3b92-83c78ce3c440.extra_data.json,,,,,,99.0,,,,,,2020-09-21 23:15:00.000,,,2020-09-22 03:12:48.318,2020-09-22 03:12:48.318,,,UTC-0400,BfdGMJKwGJ,,com.sec.android.app.shealth,2020-09-22 01:02:00.000,6125bc69-1350-64c5-3b92-83c78ce3c440,
,,,,,,,,,,,,,,,,,0,,,,,,,,,,,,,,,,,,,,5b6c5a77-ab82-9c6b-edb9-6a62a0fd25ae.extra_data.json,,,,,,89.0,,,,,,2020-12-13 03:18:00.000,,,2020-12-13 04:42:55.368,2020-12-13 04:42:55.368,,,UTC-0700,BfdGMJKwGJ,,com.sec.android.app.shealth,2020-12-13 04:33:00.000,5b6c5a77-ab82-9c6b-edb9-6a62a0fd25ae,
,,,,,,,,,,,,,,,,,0,,,,,,,,,,,,,,,,,,,,38a4c0b4-ea2a-917b-d1f4-490019bbc4b9.extra_data.json,,,,,,64.0,,,,,,2021-01-28 07:38:00.000,,,2021-01-28 09:45:50.306,2021-01-28 09:45:50.306,,,UTC-0700,BfdGMJKwGJ,,com.sec.android.app.shealth,2021-01-28 09:32:00.000,38a4c0b4-ea2a-917b-d1f4-490019bbc4b9,
,,,,,,,,,,,,,,,,,0,,,,,,,,,,,,,,,,,,,,b296910f-f41c-5e87-2df4-cad52fe564c2.extra_data.json,,,,,,71.0,,,,,,2021-01-30 05:58:00.000,,,2021-01-30 07:17:10.696,2021-01-30 07:17:10.696,,,UTC-0700,BfdGMJKwGJ,,com.sec.android.app.shealth,2021-01-30 07:08:00.000,b296910f-f41c-5e87-2df4-cad52fe564c2,
,,,,,,,,,,,,,,,,,0,,,,,,,,,,,,,,,,,,,,361ad963-df98-efa9-5eab-fee0b478e517.extra_data.json,,,,,,83.0,,,,,,2021-01-30 08:04:00.000,,,2021-01-30 08:53:40.333,2021-01-30 08:53:40.333,,,UTC-0700,BfdGMJKwGJ,,com.sec.android.app.shealth,2021-01-30 08:41:00.000,361ad963-df98-efa9-5eab-fee0b478e517,
