com.samsung.shealth.stand_day_summary,6305105,2
create_sh_ver,stand_time,modify_sh_ver,update_time,create_time,deviceuuid,pkg_name,datauuid,day_time
,69904,,2020-03-10 23:06:01.680,2020-03-10 07:01:03.096,BfdGMJKwGJ,com.sec.android.app.shealth,c5c9aa1e-2cde-1bd8-a791-5d17b9c11401,1583798400000,
,0,,2020-03-11 06:00:04.602,2020-03-11 06:00:04.601,BfdGMJKwGJ,com.sec.android.app.shealth,c31900ba-5e19-e3bc-c360-b4eac0363cac,1583884800000,
,9699328,,2020-03-13 03:17:34.242,2020-03-12 05:00:23.160,BfdGMJKwGJ,com.sec.android.app.shealth,5d42f63f-531f-9b9d-7ee0-18c72aedc0b1,1583971200000,
,344064,,2020-03-13 23:12:36.356,2020-03-13 04:00:04.414,BfdGMJKwGJ,com.sec.android.app.shealth,45006ffd-6548-3fc1-77dc-096231e5dd9e,1584057600000,
,32,,2020-03-14 11:43:01.265,2020-03-14 05:00:05.831,BfdGMJKwGJ,com.sec.android.app.shealth,5dfec447-0475-a087-9a82-8c6142a9dd5f,1584144000000,
,256,,2020-03-16 14:20:01.528,2020-03-16 12:52:51.817,BfdGMJKwGJ,com.sec.android.app.shealth,4c818231-e8d6-eb95-0148-327e49f296a1,1584316800000,
,165888,,2020-03-17 23:58:34.283,2020-03-17 06:00:06.014,BfdGMJKwGJ,com.sec.android.app.shealth,ff3a6bec-ee09-0942-d35a-92650385a832,1584403200000,
,16,,2020-03-18 20:05:35.315,2020-03-18 07:00:05.464,BfdGMJKwGJ,com.sec.android.app.shealth,48420063-06e4-b80f-298f-2d173238c40d,1584489600000,
,2097152,,2020-03-20 02:34:22.089,2020-03-19 07:00:07.455,BfdGMJKwGJ,com.sec.android.app.shealth,961cbee9-ad19-3d13-8a8d-233b9e548b1a,1584576000000,
,64,,2020-03-20 11:55:35.236,2020-03-20 05:00:04.373,BfdGMJKwGJ,com.sec.android.app.shealth,02bf4ebb-6727-7a80-4cab-6dc07c9ba52d,1584662400000,
,32768,,2020-03-21 19:12:02.456,2020-03-21 04:00:05.548,BfdGMJKwGJ,com.sec.android.app.shealth,01a7aa0e-160e-115e-fc84-45f9958f563d,1584748800000,
,1048576,,2020-03-24 01:59:49.235,2020-03-24 00:48:14.957,BfdGMJKwGJ,com.sec.android.app.shealth,ca4afaab-f631-40fb-cbdc-0bc331d4c99a,1584921600000,
,11097088,,2020-03-25 06:35:57.239,2020-03-24 06:00:06.376,BfdGMJKwGJ,com.sec.android.app.shealth,24fd7158-1933-ff46-0998-71f69fde82ab,1585008000000,
,513,,2020-03-25 16:26:03.894,2020-03-25 07:00:09.960,BfdGMJKwGJ,com.sec.android.app.shealth,572ad02a-e35e-df1e-6d9d-e5c3f2b87a80,1585094400000,
,0,,2019-10-09 21:34:44.843,2019-10-09 21:34:44.843,BfdGMJKwGJ,com.sec.android.app.shealth,83f804c6-52bb-c129-6110-296a9faffbb3,1570579200000,
,0,,2020-02-25 05:00:05.178,2020-02-25 05:00:05.178,BfdGMJKwGJ,com.sec.android.app.shealth,63a483b1-4208-1b5e-6891-55117fd77758,1582588800000,
,776,,2020-02-26 14:42:28.293,2020-02-26 05:00:04.725,BfdGMJKwGJ,com.sec.android.app.shealth,7cdee098-03f4-2448-8232-936d6f8b7eb6,1582675200000,
,8650792,,2020-02-28 05:54:01.242,2020-02-27 05:00:05.790,BfdGMJKwGJ,com.sec.android.app.shealth,2fc12034-131b-4c76-b58b-e6cbd3c76b63,1582761600000,
,2097152,,2020-02-29 05:02:46.775,2020-02-28 06:00:04.984,BfdGMJKwGJ,com.sec.android.app.shealth,07554f3f-6021-ca73-0558-a14f6943f3de,1582848000000,
,8388608,,2020-03-01 07:31:21.230,2020-02-29 08:00:07.998,BfdGMJKwGJ,com.sec.android.app.shealth,7433b322-4b9d-f29c-d309-fd7e4410eed6,1582934400000,
,321,,2020-03-01 16:56:23.609,2020-03-01 08:00:05.384,BfdGMJKwGJ,com.sec.android.app.shealth,932a69a5-f365-8fec-6560-48cb814383fa,1583020800000,
,0,,2020-03-02 08:00:04.964,2020-03-02 08:00:04.964,BfdGMJKwGJ,com.sec.android.app.shealth,a36fa389-d50f-a090-4ae2-5ae289d8a246,1583107200000,
,4199488,,2020-03-04 06:26:31.280,2020-03-03 08:00:21.850,BfdGMJKwGJ,com.sec.android.app.shealth,d02885e7-67d9-70ba-47aa-238a07b97e15,1583193600000,
,37380,,2020-03-04 22:56:32.404,2020-03-04 08:00:05.181,BfdGMJKwGJ,com.sec.android.app.shealth,f14d69d0-a8cb-d640-ae4e-fcdb265d88d0,1583280000000,
,2101760,,2020-03-06 03:51:01.328,2020-03-05 07:00:06.514,BfdGMJKwGJ,com.sec.android.app.shealth,83c466d9-9484-48e2-684e-7390df568919,1583366400000,
,2966016,,2020-03-07 04:29:36.370,2020-03-06 06:00:07.675,BfdGMJKwGJ,com.sec.android.app.shealth,dbcc0c14-c72a-a717-01f0-118db6efe854,1583452800000,
,34,,2020-03-07 12:39:52.280,2020-03-07 07:00:03.824,BfdGMJKwGJ,com.sec.android.app.shealth,4f0bfd02-96fb-6ed8-989d-5befadc63f04,1583539200000,
,0,,2020-03-08 08:00:05.847,2020-03-08 08:00:05.847,BfdGMJKwGJ,com.sec.android.app.shealth,fbbb28dc-f21d-4991-d1c3-dde8b1637b2b,1583625600000,
,0,,2020-03-09 07:00:10.479,2020-03-09 07:00:10.479,BfdGMJKwGJ,com.sec.android.app.shealth,ac0ed9e5-a377-6751-a1c0-119b8c588d5f,1583712000000,
,2402304,,2020-03-27 04:52:29.261,2020-03-26 07:00:07.369,BfdGMJKwGJ,com.sec.android.app.shealth,b935990e-84de-f135-da23-719986a10cfd,1585180800000,
,528640,,2020-03-28 02:23:21.241,2020-03-27 07:00:04.510,BfdGMJKwGJ,com.sec.android.app.shealth,3e7e7c48-38c8-1c42-9384-1227f91895d6,1585267200000,
,0,,2020-03-28 07:00:10.426,2020-03-28 07:00:10.426,BfdGMJKwGJ,com.sec.android.app.shealth,f6b1903f-d998-5b5c-a36c-abd63d7d6044,1585353600000,
,296960,,2020-03-30 01:16:27.254,2020-03-29 07:00:06.929,BfdGMJKwGJ,com.sec.android.app.shealth,bc33dfa9-c760-27ab-63c8-61d36792a4fa,1585440000000,
,256,,2020-03-30 15:26:14.470,2020-03-30 07:00:07.246,BfdGMJKwGJ,com.sec.android.app.shealth,ba836699-21a1-a432-e1e1-496a6c9b8a80,1585526400000,
,12582912,,2020-04-01 06:39:53.243,2020-03-31 14:34:54.359,BfdGMJKwGJ,com.sec.android.app.shealth,dfc8050d-02c9-aee5-dd0f-cd1df3deefe6,1585612800000,
,10616848,,2020-04-02 06:07:21.273,2020-04-01 07:00:10.981,BfdGMJKwGJ,com.sec.android.app.shealth,7f30447c-23ac-63b8-163b-58846b2d4a8e,1585699200000,
,2097153,,2020-04-03 04:06:21.327,2020-04-02 07:00:15.692,BfdGMJKwGJ,com.sec.android.app.shealth,c28b7f3b-52b2-76c1-595c-63ae2d7b6dfd,1585785600000,
,294912,,2020-04-04 01:47:11.281,2020-04-03 07:00:12.951,BfdGMJKwGJ,com.sec.android.app.shealth,740853ad-f385-1986-ec9c-279f25593c5c,1585872000000,
,0,,2020-04-04 07:00:07.310,2020-04-04 07:00:07.310,BfdGMJKwGJ,com.sec.android.app.shealth,4b5c7ac4-0912-8cc6-6377-de3bf3605260,1585958400000,
,0,,2020-04-05 07:00:29.407,2020-04-05 07:00:29.407,BfdGMJKwGJ,com.sec.android.app.shealth,071288d4-31ca-9767-1d73-a9e8bb5b75e4,1586044800000,
,0,,2020-04-06 18:49:05.486,2020-04-06 18:49:05.486,BfdGMJKwGJ,com.sec.android.app.shealth,ddc2cd6d-8c09-e435-2dae-9a13484ecf3e,1586131200000,
,1088,,2020-04-07 17:21:38.555,2020-04-07 07:00:25.135,BfdGMJKwGJ,com.sec.android.app.shealth,2ece9543-e7da-7c7a-1e46-6879bfb336f5,1586217600000,
,1642496,,2020-04-09 03:23:57.220,2020-04-08 07:00:17.268,BfdGMJKwGJ,com.sec.android.app.shealth,7c3ce136-cefe-6371-0e30-3029ea91d9e9,1586304000000,
,0,,2020-04-10 01:31:56.501,2020-04-09 07:00:04.566,BfdGMJKwGJ,com.sec.android.app.shealth,29ce65f6-d8e8-a719-3a50-07f250b3b2b4,1586390400000,
,0,,2020-04-11 02:16:27.447,2020-04-11 02:16:27.447,BfdGMJKwGJ,com.sec.android.app.shealth,f0eebe96-ef52-7c35-1479-c0c61596ce84,1586476800000,
,5242880,,2020-04-12 05:21:33.294,2020-04-11 07:00:10.150,BfdGMJKwGJ,com.sec.android.app.shealth,b1739d46-efca-e74a-d808-6dc70c93dbcf,1586563200000,
,10780693,,2020-04-13 06:00:54.242,2020-04-12 07:00:25.882,BfdGMJKwGJ,com.sec.android.app.shealth,b0adc288-5f5e-3fc3-329f-8118f838432f,1586649600000,
,4530176,,2020-04-14 05:02:07.437,2020-04-13 07:00:03.782,BfdGMJKwGJ,com.sec.android.app.shealth,3e829bc7-74ae-6542-f7e1-d06fbcf19901,1586736000000,
,524288,,2020-04-15 02:54:03.226,2020-04-14 07:00:07.124,BfdGMJKwGJ,com.sec.android.app.shealth,3d8d58a5-6487-ea62-5cb5-d73d60bdeff6,1586822400000,
,278528,,2020-04-16 01:21:14.275,2020-04-15 07:00:04.521,BfdGMJKwGJ,com.sec.android.app.shealth,cd9e03c5-ca6f-913f-b97b-d60a1dfd6569,1586908800000,
,6291712,,2020-04-17 05:52:37.325,2020-04-16 07:00:08.359,BfdGMJKwGJ,com.sec.android.app.shealth,9d0c9b96-888d-0872-6475-1538c5315fc5,1586995200000,
,0,,2020-04-17 07:00:13.646,2020-04-17 07:00:13.646,BfdGMJKwGJ,com.sec.android.app.shealth,8e2079f4-ce2a-d1f4-ce4a-acf3d0c3b1ad,1587081600000,
,6307852,,2020-04-19 05:56:39.314,2020-04-18 07:00:12.471,BfdGMJKwGJ,com.sec.android.app.shealth,6a65890b-c726-3267-3525-4ddd574b7343,1587168000000,
,5428,,2020-04-19 18:11:50.297,2020-04-19 07:00:15.350,BfdGMJKwGJ,com.sec.android.app.shealth,8ad924a4-fba1-eee7-44e1-083d5b21cdd8,1587254400000,
,13287440,,2020-04-21 04:47:54.528,2020-04-20 06:44:07.505,BfdGMJKwGJ,com.sec.android.app.shealth,28cf3f8b-c9df-a474-c3cb-3d4b4f49b355,1587340800000,
,215040,,2020-04-21 22:59:28.266,2020-04-21 05:00:14.187,BfdGMJKwGJ,com.sec.android.app.shealth,d3a2bce9-6aa4-2b66-2d24-e4187d225d90,1587427200000,
,86016,,2020-04-22 21:12:45.120,2020-04-22 05:00:08.837,BfdGMJKwGJ,com.sec.android.app.shealth,1e925bcb-44aa-ddf1-aa7b-7463d599ff32,1587513600000,
,13740544,,2020-04-24 04:40:11.290,2020-04-23 05:00:06.846,BfdGMJKwGJ,com.sec.android.app.shealth,205abaf0-58f1-3195-0f37-90d759992501,1587600000000,
,0,,2020-04-24 06:00:04.187,2020-04-24 05:00:03.293,BfdGMJKwGJ,com.sec.android.app.shealth,0f0891b8-c4e2-86b2-ec3d-03a872f55fa7,1587686400000,
,3543168,,2020-04-26 03:55:03.650,2020-04-25 07:00:09.721,BfdGMJKwGJ,com.sec.android.app.shealth,61e6b1e8-bbf0-c9ca-67f4-7bde3d744bd5,1587772800000,
,65536,,2020-04-26 21:39:13.297,2020-04-26 06:00:04.933,BfdGMJKwGJ,com.sec.android.app.shealth,7f20cd05-728b-47fc-d911-730de7c55251,1587859200000,
,11534848,,2020-04-28 04:07:25.180,2020-04-27 05:00:09.368,BfdGMJKwGJ,com.sec.android.app.shealth,40ec8502-863a-ae5f-7f74-c66b8f0f12dc,1587945600000,
,273416,,2020-04-28 23:16:57.285,2020-04-28 05:00:11.905,BfdGMJKwGJ,com.sec.android.app.shealth,180b4b5c-b4ed-ee76-fcda-bfecfa6a5126,1588032000000,
,4224,,2020-04-29 19:05:38.679,2020-04-29 06:00:04.378,BfdGMJKwGJ,com.sec.android.app.shealth,abbc97d9-b575-53fa-3154-9047ad07f1b7,1588118400000,
,297472,,2020-05-01 00:00:14.109,2020-04-30 14:04:14.342,BfdGMJKwGJ,com.sec.android.app.shealth,2505310f-6c37-fa96-26bf-eba31287e854,1588204800000,
,46272,,2020-05-01 20:53:17.539,2020-05-01 11:11:00.294,BfdGMJKwGJ,com.sec.android.app.shealth,2a1bf942-973a-b2af-d3d6-2db416bd99cc,1588291200000,
,8388608,,2020-05-03 04:49:49.210,2020-05-02 05:00:07.333,BfdGMJKwGJ,com.sec.android.app.shealth,05eee27f-bf7c-efdb-c84b-620b0c3ebd85,1588377600000,
,21508,,2020-05-03 20:06:46.194,2020-05-03 05:00:24.524,BfdGMJKwGJ,com.sec.android.app.shealth,f83c5e13-9c38-cf49-f940-b0afd2b65e5b,1588464000000,
,2129920,,2020-05-05 04:55:57.280,2020-05-04 06:00:11.513,BfdGMJKwGJ,com.sec.android.app.shealth,e4af7081-d090-5038-5973-41d0f6b9446d,1588550400000,
,7374848,,2020-05-06 04:51:44.210,2020-05-05 07:00:07.803,BfdGMJKwGJ,com.sec.android.app.shealth,b2cb8076-2b75-c24b-e486-dc28a0ee9b2b,1588636800000,
,4492834,,2020-05-07 03:12:37.277,2020-05-06 06:00:07.618,BfdGMJKwGJ,com.sec.android.app.shealth,16e2361d-5c6a-4e68-86da-5dfbc5494092,1588723200000,
,12671189,,2020-05-08 03:53:06.643,2020-05-07 05:00:11.293,BfdGMJKwGJ,com.sec.android.app.shealth,6f165f89-4a2c-8df3-5028-35c2604ba1cb,1588809600000,
,6820868,,2020-05-09 02:37:36.241,2020-05-08 04:00:12.384,BfdGMJKwGJ,com.sec.android.app.shealth,c8d67bf4-ea23-f3ee-a405-735241f16bdf,1588896000000,
,8400896,,2020-05-10 03:37:10.200,2020-05-09 04:00:05.701,BfdGMJKwGJ,com.sec.android.app.shealth,0440a1e0-fc86-2ce4-b22a-f0efbcd07328,1588982400000,
,327680,,2020-05-11 03:30:12.379,2020-05-10 04:00:03.724,BfdGMJKwGJ,com.sec.android.app.shealth,d4da9d06-4837-7e40-b6d6-f723714f0a2d,1589068800000,
,131073,,2020-05-11 21:45:47.286,2020-05-11 04:00:07.519,BfdGMJKwGJ,com.sec.android.app.shealth,33c55a24-7dff-94da-cd35-fd1144c4dbfe,1589155200000,
,98306,,2020-05-12 20:49:24.263,2020-05-12 04:00:07.698,BfdGMJKwGJ,com.sec.android.app.shealth,af4e213a-76b5-cccb-705f-fe8d8e86dff7,1589241600000,
,737280,,2020-05-13 23:26:09.265,2020-05-13 04:00:06.397,BfdGMJKwGJ,com.sec.android.app.shealth,fa3a876b-0440-06bd-a208-14a6cd25dc4a,1589328000000,
,8538369,,2020-05-15 04:25:40.422,2020-05-14 04:00:04.203,BfdGMJKwGJ,com.sec.android.app.shealth,ae8ff59f-9a45-b7fe-5662-a20d24f2d441,1589414400000,
,8426304,,2020-05-16 03:30:08.252,2020-05-15 05:00:04.892,BfdGMJKwGJ,com.sec.android.app.shealth,2187e1d1-1dc0-1981-9eed-a44a333a508f,1589500800000,
,9568258,,2020-05-17 03:17:12.260,2020-05-16 04:00:04.022,BfdGMJKwGJ,com.sec.android.app.shealth,20012b8a-a38a-9724-c2fe-5ccded2020d9,1589587200000,
,8192,,2020-05-17 17:37:26.245,2020-05-17 04:00:07.356,BfdGMJKwGJ,com.sec.android.app.shealth,979a1d09-73ec-b40b-c5c1-4248a44a5107,1589673600000,
,2359296,,2020-05-19 02:42:43.277,2020-05-18 04:00:08.443,BfdGMJKwGJ,com.sec.android.app.shealth,5c899a38-84f7-51d2-c9c6-e37703de2b15,1589760000000,
,1131792,,2020-05-20 01:02:22.317,2020-05-19 05:00:05.331,BfdGMJKwGJ,com.sec.android.app.shealth,7a7e9cd1-78ff-7ac6-480a-fb791dd8bb4c,1589846400000,
,152724,,2020-05-21 00:25:57.256,2020-05-20 06:00:05.524,BfdGMJKwGJ,com.sec.android.app.shealth,00a9d544-43d6-911a-0eb6-d48eb6bff093,1589932800000,
,260,,2020-05-21 13:34:03.990,2020-05-21 06:00:04.217,BfdGMJKwGJ,com.sec.android.app.shealth,7ab1318b-11ff-1c30-842c-f961d0589ac4,1590019200000,
,4503552,,2020-05-24 03:17:14.264,2020-05-23 14:12:19.653,BfdGMJKwGJ,com.sec.android.app.shealth,12c21882-677d-1b50-4ba7-f12cf5cc7fb3,1590192000000,
,1801,,2020-05-24 17:06:42.593,2020-05-24 05:00:07.804,BfdGMJKwGJ,com.sec.android.app.shealth,3c474660-edfc-a860-25e9-19fa655cf49f,1590278400000,
,1281064,,2020-05-27 02:56:57.176,2020-05-26 07:21:15.581,BfdGMJKwGJ,com.sec.android.app.shealth,11f02c68-c9b7-4581-21ee-9ed780933939,1590451200000,
,1188355,,2020-05-28 01:37:51.203,2020-05-27 06:00:06.802,BfdGMJKwGJ,com.sec.android.app.shealth,c24c080e-e32a-0657-9ad1-2379faed0f96,1590537600000,
,4096,,2020-05-28 17:15:19.566,2020-05-28 05:00:18.461,BfdGMJKwGJ,com.sec.android.app.shealth,bb63e456-f890-9d2c-624b-15c3a4f4e827,1590624000000,
,4724224,,2020-05-30 03:28:39.324,2020-05-29 05:00:08.233,BfdGMJKwGJ,com.sec.android.app.shealth,2a0486ce-fd8a-0192-c6e4-6308c18cba7c,1590710400000,
,50304,,2020-05-30 21:59:24.255,2020-05-30 05:00:04.142,BfdGMJKwGJ,com.sec.android.app.shealth,b6940d30-baab-c875-f3ae-91e8e67b4d00,1590796800000,
,1086024,,2020-06-02 03:58:15.216,2020-06-01 09:16:50.013,BfdGMJKwGJ,com.sec.android.app.shealth,4f4c7227-6b2d-74f5-bab3-a22cd1cd3273,1590969600000,
,9703424,,2020-06-03 05:42:08.221,2020-06-02 07:00:15.931,BfdGMJKwGJ,com.sec.android.app.shealth,65f50ceb-4354-5e65-36d3-5b406a195403,1591056000000,
,0,,2020-06-03 06:00:04.356,2020-06-03 06:00:04.356,BfdGMJKwGJ,com.sec.android.app.shealth,aa82abd6-38b8-ec40-e5e8-6e151b718775,1591142400000,
,5242880,,2020-06-11 03:14:53.269,2020-06-10 12:48:31.349,BfdGMJKwGJ,com.sec.android.app.shealth,82cc7d21-41ad-ec5b-71d6-d5ac07e612bd,1591747200000,
,2105353,,2020-06-12 03:11:42.259,2020-06-11 05:00:04.039,BfdGMJKwGJ,com.sec.android.app.shealth,5e4175f8-323f-6425-5d74-e9b39ce05e4a,1591833600000,
,1,,2020-06-12 06:15:38.441,2020-06-12 06:00:04.564,BfdGMJKwGJ,com.sec.android.app.shealth,cb7e043a-96b0-1ede-aade-e80cfc05a77b,1591920000000,
,0,,2020-06-13 05:00:06.872,2020-06-13 05:00:06.872,BfdGMJKwGJ,com.sec.android.app.shealth,5e65a5d1-bb49-4c89-d07e-9ca1d8fca7c4,1592006400000,
,0,,2020-06-15 03:22:26.773,2020-06-15 03:22:26.773,BfdGMJKwGJ,com.sec.android.app.shealth,272ec1f5-2e6f-1620-9246-42a833aac05e,1592092800000,
,609280,,2020-06-16 01:44:56.274,2020-06-15 05:00:04.288,BfdGMJKwGJ,com.sec.android.app.shealth,898ac5b0-e842-4b09-67cf-595950f583cb,1592179200000,
,854304,,2020-06-17 02:59:10.425,2020-06-16 06:00:09.595,BfdGMJKwGJ,com.sec.android.app.shealth,f7a3542e-9a08-d16e-6478-739cb5e06377,1592265600000,
,13066,,2020-06-17 20:42:09.702,2020-06-17 07:00:24.140,BfdGMJKwGJ,com.sec.android.app.shealth,df6a8f01-ea29-4159-544f-fa2540be16d1,1592352000000,
,0,,2020-06-19 03:53:08.200,2020-06-18 06:00:05.858,BfdGMJKwGJ,com.sec.android.app.shealth,f03b9ca7-46f7-c33f-52bf-204399c3af2d,1592438400000,
,5251656,,2020-06-22 03:09:03.530,2020-06-21 06:57:47.441,BfdGMJKwGJ,com.sec.android.app.shealth,b9fcdd20-849f-2f67-942a-017044c08830,1592697600000,
,8705,,2020-06-22 18:50:58.553,2020-06-22 05:00:07.064,BfdGMJKwGJ,com.sec.android.app.shealth,2c6995fd-b0ac-59d4-1c1e-713c07da2171,1592784000000,
,37888,,2020-06-23 20:47:04.321,2020-06-23 09:23:53.262,BfdGMJKwGJ,com.sec.android.app.shealth,d269668e-ff4f-9fa8-667e-88a8f044b730,1592870400000,
,65,,2020-06-24 11:30:22.252,2020-06-24 05:00:07.802,BfdGMJKwGJ,com.sec.android.app.shealth,99e50fd3-7061-facb-281e-75a2f403a2fb,1592956800000,
,8423474,,2020-06-26 05:02:50.302,2020-06-25 05:00:13.666,BfdGMJKwGJ,com.sec.android.app.shealth,ea844f89-13d9-6b25-f917-bb6176784def,1593043200000,
,66054,,2020-06-26 22:25:39.605,2020-06-26 06:00:06.711,BfdGMJKwGJ,com.sec.android.app.shealth,badee88a-cb3d-1cfe-a7c3-eda283e089c2,1593129600000,
,143664,,2020-06-27 23:22:28.278,2020-06-27 06:00:03.830,BfdGMJKwGJ,com.sec.android.app.shealth,95b7352d-9862-4c9b-4142-653ae1647e8f,1593216000000,
,0,,2020-06-28 05:00:04.658,2020-06-28 05:00:04.657,BfdGMJKwGJ,com.sec.android.app.shealth,24ddb316-6449-60c4-71cb-fa48614f6893,1593302400000,
,344064,,2020-06-29 23:31:02.208,2020-06-29 05:00:05.501,BfdGMJKwGJ,com.sec.android.app.shealth,df59524c-e679-f6a0-926a-122ee7952728,1593388800000,
,1127040,,2020-07-01 01:02:16.226,2020-06-30 05:00:05.819,BfdGMJKwGJ,com.sec.android.app.shealth,d3e68014-0bf8-92d2-3ab3-988f4fa91c7a,1593475200000,
,2646416,,2020-07-02 04:57:58.851,2020-07-01 05:00:04.823,BfdGMJKwGJ,com.sec.android.app.shealth,5fae85e6-7e41-c2b3-08cf-485c9567688f,1593561600000,
,137536,,2020-07-03 00:13:56.369,2020-07-02 07:00:12.619,BfdGMJKwGJ,com.sec.android.app.shealth,9a58b1fe-01a6-5742-d0bd-3b69f048b795,1593648000000,
,8552448,,2020-07-04 06:07:06.308,2020-07-03 07:00:09.351,BfdGMJKwGJ,com.sec.android.app.shealth,01281f9e-f043-d968-5f5c-9c1f00c2f0d6,1593734400000,
,663553,,2020-07-05 02:05:07.274,2020-07-04 07:00:04.856,BfdGMJKwGJ,com.sec.android.app.shealth,23779235-12dc-ea83-8bc2-f049d6c1dd19,1593820800000,
,0,,2020-07-05 07:00:04.725,2020-07-05 07:00:04.724,BfdGMJKwGJ,com.sec.android.app.shealth,a8dfc185-04e2-7f71-4bc6-8535dca65b54,1593907200000,
,9840128,,2020-07-10 03:12:49.266,2020-07-09 12:09:16.821,BfdGMJKwGJ,com.sec.android.app.shealth,45ca5edc-7991-42f0-9bb7-8a6c7728122d,1594252800000,
,4472832,,2020-07-11 03:16:33.332,2020-07-10 04:00:05.729,BfdGMJKwGJ,com.sec.android.app.shealth,678da610-31b3-aad4-36e4-95b6b1076f33,1594339200000,
,36,,2020-07-11 10:09:13.227,2020-07-11 05:00:14.328,BfdGMJKwGJ,com.sec.android.app.shealth,c28f27ea-0207-0a49-ab65-e7f7639a175a,1594425600000,
,5242880,,2020-07-13 04:26:02.370,2020-07-13 00:50:40.500,BfdGMJKwGJ,com.sec.android.app.shealth,b07c4d3f-0f7c-2c91-b115-4622b8000da4,1594512000000,
,2364416,,2020-07-14 03:00:07.195,2020-07-13 06:00:04.856,BfdGMJKwGJ,com.sec.android.app.shealth,8ab48baf-8784-c3e4-2c91-30bfbb4c8ab2,1594598400000,
,328,,2020-07-14 13:55:03.208,2020-07-14 06:00:05.237,BfdGMJKwGJ,com.sec.android.app.shealth,246b6212-2917-d8e2-d394-20b0d7e004d6,1594684800000,
,0,,2020-07-30 03:42:22.585,2020-07-30 03:42:22.585,BfdGMJKwGJ,com.sec.android.app.shealth,fbafbeac-0c17-bfe4-598d-49c98dc6456a,1595980800000,
,9544934,,2020-07-31 05:51:14.282,2020-07-30 06:00:05.097,BfdGMJKwGJ,com.sec.android.app.shealth,5450ebce-cc40-8b36-33de-51a46dc036c9,1596067200000,
,14232096,,2020-08-01 04:44:37.225,2020-07-31 06:00:05.079,BfdGMJKwGJ,com.sec.android.app.shealth,a7ed801c-0a94-6933-6099-ec901cffd66e,1596153600000,
,256,,2020-08-01 13:40:07.288,2020-08-01 05:00:11.296,BfdGMJKwGJ,com.sec.android.app.shealth,0b61a9bc-f376-cdfd-6502-4e3afb8d6677,1596240000000,
,6656,,2020-08-02 17:28:07.282,2020-08-02 04:00:05.969,BfdGMJKwGJ,com.sec.android.app.shealth,eb3483b8-0be4-9193-d2dc-5c889887ad04,1596326400000,
,10485760,,2020-08-05 06:28:15.281,2020-08-05 02:12:12.546,BfdGMJKwGJ,com.sec.android.app.shealth,751a029b-f361-b1f9-51b2-f7248129e35d,1596499200000,
,2134018,,2020-08-06 03:15:03.784,2020-08-05 07:00:06.354,BfdGMJKwGJ,com.sec.android.app.shealth,ad771178-294d-494e-714e-ea1d31bc9d32,1596585600000,
,2245824,,2020-08-07 02:49:43.298,2020-08-06 11:23:21.573,BfdGMJKwGJ,com.sec.android.app.shealth,3bf94e92-f4f2-4044-04f4-17389b2c3174,1596672000000,
,0,,2020-08-07 05:00:28.437,2020-08-07 05:00:28.437,BfdGMJKwGJ,com.sec.android.app.shealth,cf31e8eb-c10b-c604-5cbb-fd6901a5ace2,1596758400000,
,8978512,,2020-08-09 04:05:16.244,2020-08-08 05:00:07.384,BfdGMJKwGJ,com.sec.android.app.shealth,dc8f3e84-d19c-391f-6db6-7ca1232bbb4c,1596844800000,
,512,,2020-08-09 14:46:24.227,2020-08-09 05:00:12.972,BfdGMJKwGJ,com.sec.android.app.shealth,d949f15a-4b98-8113-2a7b-1c14b0392d46,1596931200000,
,0,,2020-08-10 05:00:04.650,2020-08-10 05:00:04.650,BfdGMJKwGJ,com.sec.android.app.shealth,4e94b302-e54f-4dcb-8641-bcb7b6f0fa16,1597017600000,
,0,,2020-08-11 05:00:07.098,2020-08-11 05:00:07.098,BfdGMJKwGJ,com.sec.android.app.shealth,9df6eddf-14cd-81d4-13fc-bc6cbb555510,1597104000000,
,0,,2020-08-12 06:00:04.072,2020-08-12 06:00:04.071,BfdGMJKwGJ,com.sec.android.app.shealth,57555fba-9db7-ece0-4a5f-7d79725e6b25,1597190400000,
,9536,,2020-08-13 19:14:53.289,2020-08-13 06:00:02.652,BfdGMJKwGJ,com.sec.android.app.shealth,26e64304-8b23-59d6-2a05-f236a2eeb2d3,1597276800000,
,13631488,,2020-08-16 06:55:28.243,2020-08-16 01:21:07.432,BfdGMJKwGJ,com.sec.android.app.shealth,41805a3f-93fc-ff3e-9a47-8d835e2f1404,1597449600000,
,0,,2020-08-16 07:00:08.467,2020-08-16 07:00:08.467,BfdGMJKwGJ,com.sec.android.app.shealth,f5dc998e-a9ca-f34e-16e7-7df2020cc50d,1597536000000,
,8650752,,2020-08-18 06:47:26.291,2020-08-17 07:00:17.717,BfdGMJKwGJ,com.sec.android.app.shealth,7ce4d348-bcc3-1e58-2265-867bea916641,1597622400000,
,44,,2020-08-18 12:41:22.221,2020-08-18 07:00:08.296,BfdGMJKwGJ,com.sec.android.app.shealth,75882730-0961-6d4f-c768-a09576ec25b2,1597708800000,
,0,,2020-08-19 06:00:04.134,2020-08-19 06:00:04.134,BfdGMJKwGJ,com.sec.android.app.shealth,a1ee09da-27ba-a17b-b4ba-fa2485905d31,1597795200000,
,1056,,2020-08-20 14:12:52.691,2020-08-20 07:54:50.726,BfdGMJKwGJ,com.sec.android.app.shealth,70721ff0-5f56-c56f-2d27-484c1289f707,1597881600000,
,0,,2020-08-21 04:00:05.620,2020-08-21 04:00:05.620,BfdGMJKwGJ,com.sec.android.app.shealth,d9368e52-5a8a-e85f-6d76-2f36efc6b6be,1597968000000,
,0,,2020-08-22 06:00:04.736,2020-08-22 06:00:04.735,BfdGMJKwGJ,com.sec.android.app.shealth,df0c6271-4867-0f5c-e5c8-5fa2b530021a,1598054400000,
,0,,2020-08-23 06:00:04.606,2020-08-23 06:00:04.606,BfdGMJKwGJ,com.sec.android.app.shealth,ac003367-8016-ee24-0f19-fe38991811d4,1598140800000,
,0,,2020-08-24 06:00:05.278,2020-08-24 06:00:05.277,BfdGMJKwGJ,com.sec.android.app.shealth,3b613490-ba72-9b6b-9e61-42aabce41d4f,1598227200000,
,0,,2020-08-25 05:00:04.809,2020-08-25 05:00:04.809,BfdGMJKwGJ,com.sec.android.app.shealth,5569ac45-1bf9-ce5a-6116-ad1db9d61fe2,1598313600000,
,2359296,,2020-09-20 01:17:44.263,2020-09-19 16:56:00.709,BfdGMJKwGJ,com.sec.android.app.shealth,c667950a-09f4-14cb-4a88-69d35dc09fb4,1600473600000,
,0,,2020-09-20 04:00:04.986,2020-09-20 04:00:04.986,BfdGMJKwGJ,com.sec.android.app.shealth,7d3cb8f1-ccc1-d5be-f088-47703af2a934,1600560000000,
,266496,,2020-09-21 22:52:30.249,2020-09-21 04:00:04.872,BfdGMJKwGJ,com.sec.android.app.shealth,af1b7b40-5d2f-3560-9d58-d9f6beb70711,1600646400000,
,149760,,2020-09-22 21:47:00.250,2020-09-22 04:00:06.110,BfdGMJKwGJ,com.sec.android.app.shealth,f573d16f-d833-1522-bf37-5f09f20f0aa1,1600732800000,
,65536,,2020-09-23 20:36:38.381,2020-09-23 04:00:06.278,BfdGMJKwGJ,com.sec.android.app.shealth,609401a1-63fd-b9e6-0599-818326f75e31,1600819200000,
,0,,2020-09-24 04:00:07.389,2020-09-24 04:00:07.388,BfdGMJKwGJ,com.sec.android.app.shealth,a76acd53-cca7-7ec1-4548-f43d285882f7,1600905600000,
,131072,,2020-09-25 21:19:26.204,2020-09-25 04:00:06.114,BfdGMJKwGJ,com.sec.android.app.shealth,7ffd21cb-ea42-c90d-a8d3-fba9cdfc9f0f,1600992000000,
,655360,,2020-09-26 23:02:39.230,2020-09-26 04:00:07.639,BfdGMJKwGJ,com.sec.android.app.shealth,05bc2236-f8e3-ab91-8595-f1e77edd7bb2,1601078400000,
,0,,2020-09-27 04:00:25.581,2020-09-27 04:00:25.581,BfdGMJKwGJ,com.sec.android.app.shealth,76eec355-8917-81d4-d52d-e6b8d6680277,1601164800000,
,2097152,,2020-11-14 03:26:59.232,2020-11-13 23:19:07.130,BfdGMJKwGJ,com.sec.android.app.shealth,4d588785-5a3b-38da-264e-c48b4f88d158,1605225600000,
,129,,2020-11-14 13:16:47.255,2020-11-14 06:00:08.795,BfdGMJKwGJ,com.sec.android.app.shealth,a6f6f6b4-69b3-c296-46de-9a32ea59ee85,1605312000000,
,2359296,,2020-12-13 04:28:36.217,2020-12-12 20:46:06.649,BfdGMJKwGJ,com.sec.android.app.shealth,2c33a0ae-6866-f86a-aa86-1fb25a9b3e5d,1607731200000,
,1,,2020-12-13 07:28:55.231,2020-12-13 07:00:07.342,BfdGMJKwGJ,com.sec.android.app.shealth,5e45c541-0507-631a-60cb-90e4aadec6bb,1607817600000,
,8388608,,2021-01-28 06:25:20.334,2021-01-28 00:58:47.022,BfdGMJKwGJ,com.sec.android.app.shealth,4c96336f-83ed-a707-9e4b-3efdfffb3d4d,1611705600000,
,8388608,,2021-01-29 06:43:43.258,2021-01-28 07:00:05.283,BfdGMJKwGJ,com.sec.android.app.shealth,ecf6dc87-b2bd-bdf6-244f-4e400b19d01e,1611792000000,
,2162902,,2021-01-30 04:13:45.296,2021-01-29 07:00:04.519,BfdGMJKwGJ,com.sec.android.app.shealth,df225540-e4c0-641f-b385-b83c809658ce,1611878400000,
,10485760,,2021-01-31 06:58:37.226,2021-01-30 07:00:06.752,BfdGMJKwGJ,com.sec.android.app.shealth,944a791d-c939-70a6-6e0c-0762ea1add90,1611964800000,
,0,,2021-01-31 07:00:05.540,2021-01-31 07:00:05.540,BfdGMJKwGJ,com.sec.android.app.shealth,a2b653d8-ccf0-f14a-fd5a-5041c00bafbf,1612051200000,
,262144,,2021-02-02 01:09:41.261,2021-02-01 23:00:50.799,BfdGMJKwGJ,com.sec.android.app.shealth,e8c4d072-a3f1-2934-c385-98d46473a988,1612137600000,
,0,,2021-02-02 07:00:04.287,2021-02-02 07:00:04.287,BfdGMJKwGJ,com.sec.android.app.shealth,1dfffea2-5c66-4c72-7950-3805ee9dcd20,1612224000000,
,0,,2021-02-03 07:00:05.444,2021-02-03 07:00:05.444,BfdGMJKwGJ,com.sec.android.app.shealth,66348ff1-14e1-0d69-efd3-287aecc5297f,1612310400000,
,0,,2021-02-04 07:00:02.972,2021-02-04 07:00:02.972,BfdGMJKwGJ,com.sec.android.app.shealth,3d7cea86-5fc5-ea03-36c4-c1ad21f075b5,1612396800000,
,0,,2021-02-05 07:00:04.616,2021-02-05 07:00:04.615,BfdGMJKwGJ,com.sec.android.app.shealth,d0ad2b1f-f53b-7674-9b1b-7fcca84d3421,1612483200000,
,1024,,2021-02-06 17:10:21.245,2021-02-06 07:00:05.128,BfdGMJKwGJ,com.sec.android.app.shealth,4d9df4de-a332-2f61-1717-8e49144b4d16,1612569600000,
,1048576,,2021-02-08 03:08:14.417,2021-02-07 07:00:04.597,BfdGMJKwGJ,com.sec.android.app.shealth,0cf89691-254f-2893-b2b3-2aed028605e8,1612656000000,
,0,,2021-02-08 07:00:03.119,2021-02-08 07:00:03.119,BfdGMJKwGJ,com.sec.android.app.shealth,3841de21-cac4-89fe-e149-4e764b610f42,1612742400000,
,0,,2021-02-09 07:00:03.439,2021-02-09 07:00:03.439,BfdGMJKwGJ,com.sec.android.app.shealth,ea353203-f066-cd09-f0d5-01b279835b47,1612828800000,
,0,,2021-02-10 07:00:07.168,2021-02-10 07:00:07.168,BfdGMJKwGJ,com.sec.android.app.shealth,c9ac6349-dbe2-86f0-a1ad-6e32ecc663a4,1612915200000,
,0,,2021-02-11 07:00:03.303,2021-02-11 07:00:03.303,BfdGMJKwGJ,com.sec.android.app.shealth,eb3b889f-885f-6022-8cdf-ad7f26aa2035,1613001600000,
,0,,2021-02-12 07:00:04.360,2021-02-12 07:00:04.360,BfdGMJKwGJ,com.sec.android.app.shealth,f555fb9c-427c-1954-d355-33d6e673594b,1613088000000,
,0,,2021-02-15 02:36:12.143,2021-02-15 02:36:12.142,BfdGMJKwGJ,com.sec.android.app.shealth,66951b48-dbf7-82a5-fe4b-465e80f65db7,1613260800000,
,12,,2021-02-15 10:18:17.184,2021-02-15 07:00:03.408,BfdGMJKwGJ,com.sec.android.app.shealth,819f8100-2743-aca3-311e-646ccdac4380,1613347200000,
,4390912,,2021-02-17 05:49:42.250,2021-02-16 07:00:06.293,BfdGMJKwGJ,com.sec.android.app.shealth,19be1868-47e4-f30e-b51f-8d289cb7a00f,1613433600000,
,1,,2021-02-17 07:30:12.245,2021-02-17 07:00:03.155,BfdGMJKwGJ,com.sec.android.app.shealth,7fb44123-0b5b-e937-68a5-3fad140f00b6,1613520000000,
,0,,2021-02-18 07:00:07.045,2021-02-18 07:00:07.044,BfdGMJKwGJ,com.sec.android.app.shealth,312b3995-c6fb-4068-a426-e8a89963fe5a,1613606400000,
,6553600,,2021-02-20 05:15:36.224,2021-02-19 07:00:05.124,BfdGMJKwGJ,com.sec.android.app.shealth,0a4a7a67-7692-16cf-5d9f-bcf1c1dbed4d,1613692800000,
,54,,2021-02-20 12:22:04.227,2021-02-20 07:00:05.762,BfdGMJKwGJ,com.sec.android.app.shealth,fa5df753-036d-825c-e1b3-e489a81b6e4d,1613779200000,
,262144,,2021-02-22 01:58:13.268,2021-02-21 07:00:05.290,BfdGMJKwGJ,com.sec.android.app.shealth,c250c2a8-f714-e4fa-5895-d6da624a4b19,1613865600000,
,0,,2021-02-22 07:00:04.565,2021-02-22 07:00:04.564,BfdGMJKwGJ,com.sec.android.app.shealth,1380bc78-93da-6d10-a187-eb55dce9922c,1613952000000,
,0,,2021-02-23 07:00:06.637,2021-02-23 07:00:06.637,BfdGMJKwGJ,com.sec.android.app.shealth,01e5a053-3d35-462c-5242-8a9a1c02678a,1614038400000,
,0,,2021-02-24 07:00:06.055,2021-02-24 07:00:06.055,BfdGMJKwGJ,com.sec.android.app.shealth,431f69bd-4988-356c-3ec6-3473f5bad44e,1614124800000,
,0,,2021-02-25 07:00:06.319,2021-02-25 07:00:06.318,BfdGMJKwGJ,com.sec.android.app.shealth,b77e0600-8ad0-4185-3932-acebe8d1ea95,1614211200000,
,0,,2021-02-26 07:00:05.493,2021-02-26 07:00:05.493,BfdGMJKwGJ,com.sec.android.app.shealth,94f49c61-1b03-1f5b-db59-83f0e4b14e9d,1614297600000,
,524288,,2021-03-03 00:15:10.628,2021-03-02 15:31:56.265,BfdGMJKwGJ,com.sec.android.app.shealth,8c995fce-b5fd-8041-a3cd-18e551189705,1614643200000,
,1048576,,2021-06-04 03:18:46.312,2021-06-03 20:33:41.644,BfdGMJKwGJ,com.sec.android.app.shealth,72be4507-0433-3ec8-59d2-d2759e17de86,1622678400000,
,1,,2021-06-04 07:33:18.410,2021-06-04 07:00:05.427,BfdGMJKwGJ,com.sec.android.app.shealth,f2868c94-afa8-ed0a-99b5-94695bc839c6,1622764800000,
,0,,2021-06-06 06:59:21.120,2021-06-06 06:59:21.120,BfdGMJKwGJ,com.sec.android.app.shealth,8145972a-1f15-0c2b-70df-c20d6390980a,1622851200000,
,0,,2021-06-06 07:05:47.397,2021-06-06 07:05:47.397,BfdGMJKwGJ,com.sec.android.app.shealth,dd148e72-6c4b-d844-94d6-fd3ee0daf38d,1622937600000,
,9707520,,2021-06-08 06:54:01.360,2021-06-07 09:14:46.909,BfdGMJKwGJ,com.sec.android.app.shealth,be18137d-3daa-e8ef-0743-58c94abbca3a,1623024000000,
,4100,,2021-06-08 19:25:49.640,2021-06-08 07:00:20.669,BfdGMJKwGJ,com.sec.android.app.shealth,e9d10de0-d302-d375-e3ab-23fad41c8797,1623110400000,
,0,,2022-05-17 01:34:12.197,2022-05-17 01:34:12.196,BfdGMJKwGJ,com.sec.android.app.shealth,6152b74f-ac54-0129-b9d5-c287b1e8e9ca,1652659200000,
,2097152,,2022-05-18 04:04:38.305,2022-05-17 07:00:10.273,BfdGMJKwGJ,com.sec.android.app.shealth,7d0811e6-573e-0f8f-845d-0acc5292febc,1652745600000,
,2048,,2022-05-18 18:29:42.711,2022-05-18 07:00:05.776,BfdGMJKwGJ,com.sec.android.app.shealth,e759150b-5bd3-a0c6-b234-4f2d3e1c12e3,1652832000000,
,0,,2022-05-19 07:00:03.972,2022-05-19 07:00:03.972,BfdGMJKwGJ,com.sec.android.app.shealth,23d64158-2826-67c8-ba3b-f0c3640d1e23,1652918400000,
,4194306,,2022-05-21 03:49:40.245,2022-05-20 07:00:16.862,BfdGMJKwGJ,com.sec.android.app.shealth,c3cdf4cd-9547-f094-b9cc-0865beda248d,1653004800000,
,4195328,,2022-05-22 05:31:52.235,2022-05-21 05:00:05.004,BfdGMJKwGJ,com.sec.android.app.shealth,a627234f-aa03-7f44-1642-7f99bb60f595,1653091200000,
,128,,2022-05-22 14:26:38.288,2022-05-22 07:00:03.832,BfdGMJKwGJ,com.sec.android.app.shealth,369ca758-8164-e04a-6606-48d32fee41dc,1653177600000,
,0,,2022-05-23 07:00:06.835,2022-05-23 07:00:06.835,BfdGMJKwGJ,com.sec.android.app.shealth,ccb50a14-e64a-f117-e7fb-cc33b4218676,1653264000000,
,0,,2022-05-24 07:00:10.682,2022-05-24 07:00:10.682,BfdGMJKwGJ,com.sec.android.app.shealth,67096f80-6a8c-1c68-81da-b0e65f8399a9,1653350400000,
,0,,2022-05-25 06:00:02.880,2022-05-25 06:00:02.879,BfdGMJKwGJ,com.sec.android.app.shealth,6dc4734c-6642-c1c8-62ec-0ba40adc1b9a,1653436800000,
,2162688,,2022-05-28 04:39:42.335,2022-05-27 20:40:37.336,BfdGMJKwGJ,com.sec.android.app.shealth,b520bef9-3b9c-4208-d87a-9a6d44c50c91,1653609600000,
,10555402,,2022-05-29 06:20:31.346,2022-05-28 07:00:03.646,BfdGMJKwGJ,com.sec.android.app.shealth,874f7366-82a7-84ab-1336-ce0b1d472da4,1653696000000,
,8398848,,2022-05-30 06:11:12.287,2022-05-29 07:00:09.809,BfdGMJKwGJ,com.sec.android.app.shealth,cf3f5abe-1dc2-d009-d1af-9c539ef80b7b,1653782400000,
,1024,,2022-05-30 17:22:45.671,2022-05-30 07:00:26.172,BfdGMJKwGJ,com.sec.android.app.shealth,0d0843c6-37bd-e17e-add8-18abca57d0df,1653868800000,
,0,,2022-05-31 07:00:24.171,2022-05-31 07:00:24.171,BfdGMJKwGJ,com.sec.android.app.shealth,0efd49c3-3a7c-b77c-69cb-56005335721e,1653955200000,
,0,,2022-06-01 07:00:03.942,2022-06-01 07:00:03.942,BfdGMJKwGJ,com.sec.android.app.shealth,cefe7f8b-4b4d-18a0-addc-df6a173ab5d4,1654041600000,
,0,,2022-11-03 23:55:19.421,2022-11-03 23:55:19.421,BfdGMJKwGJ,com.sec.android.app.shealth,278b4b45-7069-af4f-a212-9163de5b3168,1667433600000,
,0,,2022-11-05 17:07:33.131,2022-11-05 17:07:33.131,BfdGMJKwGJ,com.sec.android.app.shealth,58a74e29-81d5-d561-f04b-06ac1b450d30,1667606400000,
,131072,,2022-12-08 03:34:20.110,2022-12-07 20:56:28.610,BfdGMJKwGJ,com.sec.android.app.shealth,63fd068c-cd5b-d7e8-7c90-4e55739061e7,1670371200000,
,1,,2022-12-08 06:46:35.930,2022-12-08 05:00:04.842,BfdGMJKwGJ,com.sec.android.app.shealth,97f12a64-5012-1c67-8ac1-26946de89ed4,1670457600000,
,0,,2022-12-09 05:00:06.211,2022-12-09 05:00:06.211,BfdGMJKwGJ,com.sec.android.app.shealth,704a04fc-fa2f-05b9-dce9-cc4880ba75e6,1670544000000,
,0,,2022-12-10 05:00:08.729,2022-12-10 05:00:08.728,BfdGMJKwGJ,com.sec.android.app.shealth,f0e26031-d85e-db64-4f00-2cb1646505c1,1670630400000,
,0,,2022-12-11 06:00:04.711,2022-12-11 06:00:04.711,BfdGMJKwGJ,com.sec.android.app.shealth,80ab9a0d-f763-62fa-20da-bce4c1420d90,1670716800000,
,81920,,2022-12-21 23:42:14.636,2022-12-21 20:02:47.072,BfdGMJKwGJ,com.sec.android.app.shealth,6145f6b4-156d-340d-92bc-90cdbd43f669,1671580800000,
,4194304,,2023-01-19 05:27:24.224,2023-01-19 04:16:32.884,BfdGMJKwGJ,com.sec.android.app.shealth,782d7d58-51c9-992b-704e-5a38bd07bc8f,1674000000000,
,0,,2023-01-19 07:00:05.829,2023-01-19 07:00:05.829,BfdGMJKwGJ,com.sec.android.app.shealth,cc933ae1-dc6e-a50d-7765-f2e39c4c3661,1674086400000,
,5308416,,2023-01-21 05:40:23.221,2023-01-20 07:00:08.691,BfdGMJKwGJ,com.sec.android.app.shealth,14f46e43-544a-0bdd-dd34-c489c0665b72,1674172800000,
,0,,2023-01-21 07:00:03.719,2023-01-21 07:00:03.719,BfdGMJKwGJ,com.sec.android.app.shealth,7162c5d3-aaa4-9cd1-faff-8d6a7408a08b,1674259200000,
,196608,,2023-02-05 01:57:12.720,2023-02-04 18:59:12.298,BfdGMJKwGJ,com.sec.android.app.shealth,de1c8815-ae0d-adb8-6460-74f988eb4458,1675468800000,
,2187264,,2023-05-10 04:18:16.297,2023-05-09 18:03:41.783,BfdGMJKwGJ,com.sec.android.app.shealth,bbab90d3-3d00-3a60-8d30-45056027d757,1683590400000,
,0,,2023-05-12 16:11:31.528,2023-05-12 16:11:31.528,BfdGMJKwGJ,com.sec.android.app.shealth,c94414b9-a4b1-1f94-92c2-710932bcf7d2,1683849600000,
,1179648,,2023-05-15 03:24:43.201,2023-05-14 21:38:25.322,BfdGMJKwGJ,com.sec.android.app.shealth,4b5472a1-5f82-463d-a4e4-3d0df7ffbf87,1684022400000,
,0,,2023-06-11 07:56:34.654,2023-06-11 07:56:34.654,BfdGMJKwGJ,com.sec.android.app.shealth,415eb266-6386-c7c7-e574-93a4ed74c026,1686441600000,
,196608,,2023-06-17 22:58:17.224,2023-06-17 20:02:04.173,BfdGMJKwGJ,com.sec.android.app.shealth,1ff0837d-1eb9-2c62-df37-73070251b99d,1686960000000,
,0,,2023-06-18 14:13:36.378,2023-06-18 14:13:36.378,BfdGMJKwGJ,com.sec.android.app.shealth,a875b6d0-7c2d-bf80-6346-1ada1ac5a9b4,1687046400000,
,0,,2023-06-21 09:12:03.857,2023-06-21 09:12:03.857,BfdGMJKwGJ,com.sec.android.app.shealth,92e2b66e-969b-5576-98e3-2220049f29a7,1687305600000,
,0,,2023-06-22 07:00:06.848,2023-06-22 07:00:06.848,BfdGMJKwGJ,com.sec.android.app.shealth,cd244b1c-516d-9e49-9fad-f26d6d2ba94b,1687392000000,
,0,,2023-06-26 23:01:54.142,2023-06-26 23:01:54.142,BfdGMJKwGJ,com.sec.android.app.shealth,2eeac581-bdab-8ab6-304c-8a39fa3add65,1687737600000,
,12288,,2023-08-04 18:53:09.701,2023-08-04 15:20:59.782,BfdGMJKwGJ,com.sec.android.app.shealth,48c1297b-6b9b-cdc3-e691-83a4b830491a,1691107200000,
,2162688,,2023-08-11 04:54:26.265,2023-08-10 22:05:24.355,BfdGMJKwGJ,com.sec.android.app.shealth,85b3c1ee-4b01-6d0e-85f6-8138934bdc78,1691625600000,
,512,,2023-08-11 16:54:54.640,2023-08-11 15:29:34.425,BfdGMJKwGJ,com.sec.android.app.shealth,eefd6afd-f9e3-a9d8-96a1-d481ccd35424,1691712000000,
,0,,2023-08-12 20:13:33.890,2023-08-12 20:13:33.890,BfdGMJKwGJ,com.sec.android.app.shealth,42779c57-28bd-7d89-335a-d424378bf32a,1691798400000,
